Id,LotFrontage,LotArea,OverallQual,OverallCond,YearBuilt,BsmtFinSF1,BsmtUnfSF,TotalBsmtSF,1stFlrSF,2ndFlrSF,LowQualFinSF,GrLivArea,BsmtFullBath,FullBath,HalfBath,BedroomAbvGr,KitchenAbvGr,TotRmsAbvGrd,Fireplaces,GarageCars,GarageArea,WoodDeckSF,OpenPorchSF,EnclosedPorch,MoSold,Price
811,78,1.014,6,6,1974,0.663,0,1.04,1.309,0,0,1.309,1,1,1,3,1,5,1,2,0.484,2.65,0,0,1,1.81
665,49,2.0896,8,5,2005,1.721,0.356,2.077,2.097,0,0,2.097,1,1,1,1,1,8,1,3,1.134,1.92,2.67,0,1,4.23
303,118,1.3704,7,5,2001,0,1.541,1.541,1.541,0,0,1.541,0,2,0,3,1,6,1,3,0.843,4.68,0.81,0,1,2.05
142,78,1.1645,7,5,2005,1.3,0.434,1.734,1.734,0,0,1.734,1,2,0,3,1,7,0,2,0.66,1.6,0.24,0,1,2.6
1041,88,1.3125,5,4,1957,0.168,0.284,1.134,1.803,0,0,1.803,1,2,0,3,1,8,1,2,0.484,0,0,0,1,1.55
412,100,3.465,5,5,1955,1.056,0,1.056,1.056,0,0,1.056,1,1,0,3,1,5,0,2,0.572,2.64,0,0,1,1.45
1405,60,1.041,3,4,1915,0,0.672,0.672,0.694,0.52,0,1.214,0,1,0,3,1,6,0,3,0.936,2.16,0,1.6,1,1.05
223,85,1.1475,6,6,1975,0.55,0.163,0.713,0.811,0.741,0,1.552,1,2,1,3,1,6,1,2,0.434,2.09,2.08,0,2,1.799
603,80,1.0041,8,5,1992,0.789,0.119,0.908,0.927,0.988,0,1.915,1,2,1,3,1,8,1,2,0.506,1.2,1.5,0,2,2.2
949,65,1.4006,7,5,2002,0,0.936,0.936,0.936,0.84,0,1.776,0,2,1,3,1,7,1,2,0.474,1.44,0.96,0,2,1.925
1168,58,1.0852,6,5,2000,0.786,0.173,0.959,0.959,0.712,0,1.671,1,2,1,3,1,7,1,2,0.472,0,0.38,0,2,1.73
893,70,0.8414,6,8,1963,0.663,0.396,1.059,1.068,0,0,1.068,0,1,0,3,1,6,0,1,0.264,1.92,0,0,2,1.545
256,66,0.8738,7,5,1999,0,0.975,0.975,1.005,1.286,0,2.291,0,2,1,4,1,8,1,2,0.429,1.92,0,0,2,2.3
4,60,0.955,7,5,1915,0.216,0.54,0.756,0.961,0.756,0,1.717,1,1,0,3,1,7,1,3,0.642,0,0.35,2.72,2,1.4
198,174,2.5419,8,4,1918,1.036,0.14,1.36,1.36,1.36,392,3.112,1,2,0,4,1,8,1,2,0.795,0,0.16,5.52,3,2.35
160,134,1.9378,7,5,2005,0.057,1.335,1.392,1.392,1.07,0,2.462,1,2,1,4,1,9,1,2,0.576,2.39,1.32,0,3,3.2
82,32,0.45,6,5,1998,1.201,0.036,1.237,1.337,0,0,1.337,1,2,0,2,1,5,0,2,0.405,0,1.99,0,3,1.535
884,60,0.6204,4,5,1912,0,0.795,0.795,0.954,0.795,481,2.23,1,1,0,5,1,10,0,1,0.44,0,1.88,0,3,1.185
1084,80,0.88,6,6,1964,0.553,0.698,1.251,1.251,0,0,1.251,1,1,0,3,1,6,2,1,0.461,0,1.16,0,3,1.6
481,98,1.6033,9,5,2004,1.261,0.572,1.833,1.85,0,0,1.85,1,2,0,3,1,8,1,3,0.772,5.19,1.12,0,3,3.26
586,88,1.1443,8,5,2005,1.46,0.408,1.868,2.028,0,0,2.028,1,2,0,2,1,7,2,3,0.88,3.26,0.66,0,3,3.699
754,80,1.024,8,5,2005,0,1.03,1.03,1.038,1.06,0,2.098,0,2,1,3,1,8,1,3,0.878,1.92,0.52,0,3,2.755
1247,65,0.8125,7,5,2005,0,0.756,0.756,0.756,0.797,0,1.553,0,2,1,3,1,6,0,2,0.615,0,0.45,0,3,1.865
512,40,0.6792,7,5,2005,0,1.368,1.368,1.368,0,0,1.368,0,2,0,2,1,6,1,2,0.474,1.32,0.35,0,3,2.02665
1266,35,0.3735,7,5,1999,0.45,0.241,0.691,0.713,0.739,0,1.452,1,2,1,3,1,6,0,2,0.506,0,0.34,0,3,1.839
970,75,1.0382,6,5,1958,0.513,0.075,0.588,1.095,0,0,1.095,1,1,0,2,1,6,0,1,0.264,0,0,0,3,1.4
417,74,0.7844,6,7,1978,0.209,0.463,0.672,0.672,0.728,0,1.4,0,1,1,3,1,6,1,2,0.44,0,0,0,3,1.495
1239,63,1.3072,6,5,2005,0,1.141,1.141,1.141,0,0,1.141,0,1,1,3,1,6,0,2,0.484,0,0,0,3,1.425
599,80,1.2984,5,6,1977,1.283,0,1.43,1.647,0,0,1.647,1,2,0,3,1,7,1,2,0.621,0,0,0,3,2.175
947,70,0.8163,5,6,1959,0.748,0.102,1.144,1.144,0,0,1.144,1,1,0,3,1,6,1,1,0.796,0.86,0,0,3,1.43
220,43,0.301,7,5,2005,0.016,1.232,1.248,1.248,0,0,1.248,0,2,0,2,1,5,0,2,0.438,1.08,0,0,3,1.6724
296,37,0.7937,6,6,1984,0.819,0.184,1.003,1.003,0,0,1.003,1,1,0,3,1,6,0,2,0.588,1.2,0,0,3,1.425
155,84,1.134,6,5,1923,0,1.2,1.2,1.2,0,0,1.2,0,1,0,4,1,7,0,1,0.312,0,0,2.28,3,1.25
1186,60,0.9738,5,7,1924,0.392,0.392,0.784,0.949,0.272,0,1.221,1,1,0,4,1,7,0,1,0.392,0,0,2.36,3,1.049
1294,78,1.014,7,5,1976,0.194,0.638,0.832,0.832,0.832,0,1.664,0,2,1,4,1,8,1,2,0.528,0,0.28,0,3,1.629
1365,30,0.318,7,5,2005,0,0.6,0.6,0.52,0.6,80,1.2,0,2,1,2,1,4,0,2,0.48,0,1.66,0,4,1.44152
526,62,0.75,7,5,2005,0,1.257,1.257,1.266,0,0,1.266,0,2,0,3,1,6,1,2,0.453,0.38,1.44,0,4,1.76
1090,37,0.3316,8,5,2005,1.039,0.208,1.247,1.247,0,0,1.247,1,1,1,1,1,4,1,2,0.55,0,0.84,0,4,1.97
86,121,1.6059,8,5,1991,0,1.288,1.288,1.301,1.116,0,2.417,0,2,1,4,1,9,1,2,0.462,1.27,0.82,0,4,2.6
1304,73,0.8688,7,5,2005,0,1.616,1.616,1.616,0,0,1.616,0,2,0,3,1,7,0,3,0.834,2.08,0.59,0,4,2.32
328,80,1.16,6,5,1960,0.565,0.818,1.383,1.383,0,0,1.383,0,1,1,3,1,7,0,1,0.292,0,0.45,0,4,1.4525
1305,32,0.3363,7,5,2004,0,0.976,0.976,0.976,0.732,0,1.708,0,2,0,3,1,7,0,2,0.38,0,0.4,0,4,1.3
1089,24,0.2522,7,5,2004,0,0.97,0.97,0.97,0.739,0,1.709,0,2,0,3,1,7,0,2,0.38,0,0.4,0,4,1.375
146,24,0.2522,6,5,2004,0,0.97,0.97,0.97,0.739,0,1.709,0,2,0,3,1,7,0,2,0.38,0,0.4,0,4,1.3
562,77,1.001,5,5,1974,1.071,0.195,1.389,1.389,0,0,1.389,1,1,0,2,1,6,1,2,0.418,2.4,0.38,0,4,1.7
221,73,0.899,7,5,2006,0,1.498,1.498,1.498,0,0,1.498,0,2,0,2,1,5,0,2,0.675,3.51,0.33,0,4,2.049
897,50,0.8765,4,6,1936,0.285,0.666,0.951,0.951,0,0,0.951,0,1,0,2,1,6,0,1,0.327,0,0.28,0,4,1.065
693,42,2.6178,7,5,1989,0.965,0.245,1.21,1.238,1.281,0,2.519,1,2,1,4,1,9,2,2,0.628,3.2,0.27,0,4,3.35
1077,60,1.08,5,8,1936,0.626,0.17,0.796,1.096,0.37,0,1.466,0,2,0,3,1,7,1,2,0.566,4.36,0.21,0,4,1.7
1020,43,0.3013,7,5,2005,0.016,1.346,1.362,1.506,0,0,1.506,0,2,0,2,1,6,1,2,0.44,1.42,0.2,0,4,2.1349
772,67,0.8877,4,5,1951,0.836,0,0.836,1.22,0,0,1.22,0,1,0,2,1,6,0,2,0.396,0,0,0,4,1.02
1295,60,0.8172,5,7,1955,0.167,0.697,0.864,0.864,0,0,0.864,1,1,0,2,1,5,0,2,0.572,0,0,0,4,1.15
350,56,2.0431,9,5,2005,1.41,0.438,1.848,1.848,0.88,0,2.728,1,2,1,4,1,10,2,3,0.706,0,0,0,4,4.37154
243,63,0.5,5,4,1900,0,0.54,0.54,0.889,0.551,0,1.44,0,1,0,3,1,6,0,1,0.352,0,0,0.77,4,0.79
247,69,0.9142,6,8,1910,0,1.02,1.02,0.908,1.02,0,1.928,0,2,0,4,2,9,0,1,0.44,0,0.6,1.12,4,1.37
765,30,0.9549,8,5,1995,0.437,0,1.494,1.494,0,0,1.494,1,1,1,2,1,6,1,2,0.481,0,0.3,0,4,2.7
714,60,0.9873,4,5,1970,0.789,0.171,0.96,0.96,0,0,0.96,1,1,0,3,1,6,0,2,0.576,0,2.88,0,5,1.29
925,79,1.024,6,6,1980,0.625,0,1.686,1.686,0,0,1.686,1,2,0,3,1,7,1,2,0.612,3.84,1.31,0,5,2.075
484,32,0.45,6,5,1998,0.897,0.319,1.216,1.216,0,0,1.216,1,2,0,2,1,5,0,2,0.402,0,1.25,0,5,1.64
282,60,0.72,6,5,2006,0.905,0.357,1.262,1.262,0,0,1.262,0,2,0,2,1,5,0,2,0.572,0,1.2,0,5,1.85
701,85,1.4331,8,5,2002,1.274,0.526,1.8,1.8,0,0,1.8,1,2,0,3,1,7,1,3,0.765,2.7,0.78,0,5,3.125
1215,69,1.0205,5,5,1962,0.784,0.141,0.925,0.999,0,0,0.999,1,1,0,3,1,6,0,1,0.3,1.5,0.72,0,5,1.345
131,88,1.42,7,6,1966,0.445,0.479,0.924,1.216,0.941,0,2.157,0,2,1,4,1,8,2,2,0.487,1.05,0.66,0,5,2.26
61,63,1.3072,6,5,2004,0.941,0.217,1.158,1.158,0,0,1.158,1,1,1,3,1,5,0,2,0.576,0,0.5,0,5,1.58
1210,85,1.0182,8,5,2006,1.22,0.44,1.66,1.66,0,0,1.66,1,2,0,3,1,8,1,2,0.5,3.22,0.5,0,5,2.9
339,91,1.4145,7,7,1984,0.213,0.995,1.208,1.621,0,0,1.621,1,2,0,3,1,8,0,2,0.44,1.08,0.45,0,5,2.025
1435,80,1.74,5,5,1977,0.936,0.19,1.126,1.126,0,0,1.126,1,2,0,3,1,5,1,2,0.484,2.95,0.41,0,5,1.6
194,24,0.2522,7,5,2004,0,0.97,0.97,0.97,0.739,0,1.709,0,2,0,3,1,7,0,2,0.38,0,0.4,0,5,1.3
1030,21,0.168,6,7,1972,0.317,0.355,0.672,0.672,0.546,0,1.218,0,1,1,3,1,7,0,1,0.264,0,0.28,0,5,1.18
1453,35,0.3675,5,5,2005,0.547,0,0.547,1.072,0,0,1.072,1,1,0,2,1,5,0,2,0.525,0,0.28,0,5,1.45
1208,70,0.9135,6,5,2003,0.34,1.342,1.682,1.7,0,0,1.7,1,2,0,3,1,7,0,2,0.544,1.92,0.23,0,5,2
1232,70,0.7728,5,6,1962,0.803,0.303,1.106,1.19,0,0,1.19,1,1,0,3,1,6,0,2,0.54,0,0.18,0,5,1.325
720,69,0.992,5,6,1969,0.523,0.448,0.971,0.971,0,0,0.971,0,1,1,3,1,5,1,1,0.3,0,0,0,5,1.285
45,70,0.7945,5,6,1959,0.179,0.465,1.15,1.15,0,0,1.15,1,1,0,3,1,6,0,1,0.3,0,0,0,5,1.41
493,105,1.5578,6,5,2006,0,0.728,0.728,0.728,0.728,0,1.456,0,2,1,3,1,8,0,2,0.429,0,0,0,5,1.72785
216,72,1.0011,5,6,1957,0.36,0.71,1.07,1.236,0,0,1.236,0,1,0,2,1,6,1,1,0.447,0,0,0,5,1.3445
780,78,1.053,6,5,1977,0.975,0,0.975,1.004,0,0,1.004,1,1,0,2,1,4,0,2,0.504,0,0,0,5,1.35
1079,37,0.4435,6,5,2004,0.662,0.186,0.848,0.848,0,0,0.848,1,1,0,1,1,3,1,2,0.42,1.4,0,0,5,1.559
489,60,1.08,5,4,1900,0.664,0.29,0.954,1.766,0.648,0,2.414,0,2,0,3,2,10,1,2,0.52,1.42,0,0,5,1.6
999,60,0.9786,3,4,1922,0,1.007,1.007,1.077,0,0,1.077,0,1,0,3,1,6,1,1,0.21,0,1,0.48,5,0.91
677,60,0.96,4,2,1900,0,1.095,1.095,1.095,0.679,0,1.774,1,2,0,4,2,8,0,3,0.779,0,0,0.9,5,0.87
203,50,0.7,6,6,1924,0.617,0,0.617,0.865,0.445,0,1.31,0,2,0,2,1,6,0,1,0.398,0,0,1.26,5,1.12
578,96,1.1777,5,6,1966,0.328,0.285,1.164,1.32,0,0,1.32,1,1,0,3,1,6,2,2,0.564,1.6,0.68,2.4,5,1.645
1421,90,1.17,6,6,1968,0.404,0.304,0.708,0.708,0.708,0,1.416,0,2,1,3,1,7,1,2,0.776,0,1.69,0,5,1.799
557,69,1.485,5,5,1957,0.895,0.197,1.092,1.092,0,0,1.092,1,1,0,2,1,6,1,1,0.299,2.68,0,0,5,1.41
313,65,0.78,5,7,1939,0.507,0.286,0.793,0.793,0.325,0,1.118,1,1,0,3,1,5,1,2,0.41,0,0,0,5,1.199
1373,75,0.975,7,6,1998,0.975,0.133,1.108,1.108,0.989,0,2.097,1,2,1,3,1,8,1,2,0.583,2.53,1.7,0,6,2.743
832,30,0.318,7,5,2005,0,0.6,0.6,0.52,0.6,80,1.2,0,2,1,2,1,4,0,2,0.48,0,1.66,0,6,1.51
825,81,1.1216,8,5,2006,0,1.489,1.489,1.489,0,0,1.489,0,2,0,3,1,7,1,2,0.776,0,1.4,0,6,2.326
738,72,1.0463,8,5,2005,0,0.893,0.893,0.901,0.9,0,1.801,0,2,1,3,1,8,1,3,0.8,0,1.16,0,6,2.399
451,70,0.5684,6,8,1930,0,0.813,0.813,0.813,0,0,0.813,0,1,0,2,1,5,0,1,0.27,0,1.13,0,6,1.1
1339,95,1.345,7,5,2002,0.7,0.216,0.916,0.92,0.941,0,1.861,1,2,1,3,1,8,0,2,0.492,1.46,0.91,0,6,2
267,70,1.1207,6,5,1997,0.714,0.088,0.802,0.802,0.709,0,1.511,1,2,1,3,1,8,1,2,0.413,0.95,0.75,0,6,1.85
991,82,0.9452,8,5,1997,1.074,0.322,1.396,1.407,0.985,0,2.392,1,2,1,3,1,7,1,3,0.87,0,0.7,0,6,3.48
601,74,1.0927,8,5,2005,0.546,0.512,1.058,1.058,0.846,0,1.904,1,2,1,3,1,8,1,2,0.736,1.79,0.6,0,6,2.75
887,70,0.8393,5,5,1959,0.528,1.098,1.626,1.712,0,0,1.712,0,2,0,4,2,8,0,2,0.588,2.72,0.54,0,6,1.45
1298,35,0.3675,6,5,2005,0.547,0,0.547,1.072,0,0,1.072,1,2,0,2,1,5,0,2,0.525,0,0.44,0,6,1.4
246,80,1.04,7,5,1988,0.929,0.916,1.845,1.872,0,0,1.872,0,2,0,3,1,6,1,2,0.604,1.97,0.39,0,6,2.415
1057,43,0.7052,7,5,2005,0.659,0.705,1.364,1.364,0,0,1.364,1,2,0,2,1,6,1,2,0.484,1.92,0.36,0,6,1.8585
173,44,0.5306,7,7,1987,0.495,0.354,1.064,1.064,0.703,0,1.767,1,2,0,2,1,5,1,2,0.504,4.41,0.35,0,6,2.39
248,75,1.131,6,5,1954,0,1.367,1.367,1.375,0,0,1.375,0,1,0,2,1,5,1,2,0.451,0,0.3,0,6,1.4
1330,63,0.9084,7,5,1998,0,0.935,0.935,0.955,0.677,0,1.632,0,2,1,3,1,8,1,2,0.462,0,0.28,0,6,1.765
1069,42,0.3964,6,4,1973,0.837,0.105,0.942,1.291,1.23,0,2.521,1,2,1,5,1,10,1,2,0.576,7.28,0.2,0,6,1.514
449,50,0.86,6,6,1937,0,0.78,0.78,0.78,0.596,0,1.376,0,2,0,3,1,7,1,1,0.198,0,0,0,6,1.195
805,75,0.9,5,5,1954,0.812,0.124,0.936,1.128,0,0,1.128,0,1,0,2,1,5,0,1,0.286,0,0,0,6,1.18
1340,120,0.956,5,7,1972,0.36,0.504,0.864,0.864,0,0,0.864,0,1,0,3,1,5,0,1,0.288,0,0,0,6,1.285
233,21,0.168,6,5,1972,0,0.483,0.483,0.483,0.504,0,0.987,0,1,1,2,1,5,1,1,0.288,0,0,0,6,0.945
900,65,0.6993,5,7,1961,0.465,0.447,0.912,1.236,0,0,1.236,0,1,0,3,1,6,1,1,0.288,0,0,0,6,1.35
301,90,1.575,5,5,1953,0.841,0.324,1.165,1.336,0,0,1.336,1,1,0,2,1,5,2,1,0.375,0,0,0,6,1.57
809,85,1.34,5,5,1966,0.516,0.38,1.024,1.086,0,0,1.086,1,1,0,3,1,6,1,2,0.484,0,0,0,6,1.5995
157,60,0.72,5,7,1950,0,0,0,1.04,0,0,1.04,0,1,0,2,1,5,0,2,0.625,0,0,0,6,1.095
1379,21,0.1953,6,5,1973,0.309,0.174,0.483,0.483,0.504,0,0.987,0,1,1,2,1,5,0,1,0.264,0.72,0,0,6,0.83
185,92,0.7438,5,8,1908,0,0.504,0.504,0.936,0.316,0,1.252,0,1,0,3,1,5,0,2,0.576,1.04,0,0,6,1.27
1184,60,1.08,5,6,1920,0.821,0.299,1.12,1.13,0,0,1.13,1,1,0,2,1,5,1,2,0.72,2.29,0,0,6,1.2
778,100,1.335,5,5,1974,0.762,0.102,0.864,0.894,0,0,0.894,1,1,0,3,1,5,1,2,0.44,2.41,0,0,6,1.425
987,59,0.531,6,8,1910,0,0.485,0.485,1.001,0.634,0,1.635,0,1,0,2,1,5,0,1,0.255,3.94,0,0,6,1.17
936,52,0.5825,4,5,1926,0,0.6,0.6,0.747,0,0,0.747,0,1,0,1,1,5,0,2,0.528,0,0,0.32,6,0.799
355,60,0.84,6,5,1940,0.388,0.552,0.94,1.192,0.403,0,1.595,0,1,0,2,1,6,2,1,0.24,0,0,1.08,6,1.4
697,50,0.6,5,7,1921,0.616,0,0.616,0.616,0,0,0.616,0,1,0,2,1,4,0,1,0.205,0,0,1.29,6,0.89
631,50,0.9,5,6,1880,0,0.636,0.636,1.089,0.661,0,1.75,0,1,0,3,1,8,0,1,0.24,0,0,2.93,6,1.24
287,77,0.9786,6,7,1962,0.6,0.312,0.912,1.085,0.649,0,1.734,0,1,1,3,1,7,1,2,0.44,0,0,0,6,1.59
908,86,1.15,7,7,1936,0.223,0.794,1.017,1.02,1.037,0,2.057,0,1,1,3,1,6,1,1,0.18,0,0,0,6,2.5
360,78,1.2011,8,5,1998,0.956,0.13,1.086,1.086,0.838,0,1.924,1,2,1,3,1,7,1,2,0.592,2.08,0.75,0,6,2.8
186,90,2.295,10,9,1892,0,1.107,1.107,1.518,1.518,572,3.608,0,2,1,4,1,12,2,3,0.84,0,2.6,0,6,4.75
1387,80,1.6692,7,5,1978,0.79,0.133,1.392,1.392,1.392,0,2.784,1,3,1,5,1,12,2,2,0.564,0,1.12,0,7,2.5
130,69,0.8973,5,7,1958,0.567,0.413,1.008,1.053,0,0,1.053,0,1,1,3,1,6,0,2,0.75,0,0.8,0,7,1.5
830,24,0.2544,7,5,2005,0,0.6,0.6,0.52,0.623,80,1.223,0,2,1,2,1,4,0,2,0.48,0,1.66,0,7,1.474
782,65,0.7153,6,5,1992,0.387,0.374,0.761,0.81,0.793,0,1.603,0,2,1,3,1,7,0,2,0.484,0,1.24,0,7,1.759
404,93,1.209,8,5,1998,0,1.141,1.141,1.165,1.098,0,2.263,0,2,1,4,1,10,1,2,0.42,1.44,1.23,0,7,2.58
1064,50,0.6,6,6,1925,0.397,0.706,1.103,1.103,0,0,1.103,0,1,0,2,1,5,1,2,0.44,1.66,1.2,0,7,1.105
129,69,0.759,6,5,1966,0.512,0.148,0.66,0.66,0.688,0,1.348,0,1,1,3,1,6,1,2,0.453,1.88,1.08,0,7,1.55
1047,85,1.6056,9,5,2005,0.24,1.752,1.992,1.992,0.876,0,2.868,0,3,1,4,1,11,1,3,0.716,2.14,1.08,0,7,5.56581
703,82,1.2438,8,5,2006,0,1.234,1.234,1.264,1.312,0,2.576,0,2,1,4,1,10,1,3,0.666,3.24,1,0,7,3.61919
324,49,0.582,3,8,1955,0.256,0.906,1.162,1.163,0,0,1.163,1,1,0,3,1,6,0,1,0.22,1.42,0.98,0,7,1.26175
1205,78,1.014,5,6,1975,0.788,0.268,1.056,1.074,0,0,1.074,1,1,1,3,1,6,0,2,0.495,0,0.88,0,7,1.535
1170,118,3.576,10,5,1995,1.387,0.543,1.93,1.831,1.796,0,3.627,1,3,1,4,1,10,1,3,0.807,3.61,0.76,0,7,6.25
903,63,0.7875,7,5,2003,0,0.783,0.783,0.807,0.702,0,1.509,0,2,1,3,1,8,1,2,0.393,0,0.75,0,7,1.8
777,86,1.121,7,5,2005,0.02,1.594,1.614,1.614,0,0,1.614,0,2,0,3,1,7,0,3,0.865,1.44,0.59,0,7,2.215
1403,64,0.6762,7,5,2006,0,1.286,1.286,1.294,0,0,1.294,0,2,0,2,1,6,1,2,0.662,1.68,0.55,0,7,1.93879
1022,64,0.7406,7,5,2006,0.684,0.515,1.199,1.22,0,0,1.22,1,2,0,2,1,6,0,2,0.632,1.05,0.54,0,7,1.94
291,120,1.5611,8,5,2006,0,1.079,1.079,1.079,0.84,0,1.919,0,2,1,3,1,8,1,2,0.685,0,0.51,0,7,2.3323
1431,60,2.193,5,5,2005,0,0.732,0.732,0.734,1.104,0,1.838,0,2,1,4,1,7,1,2,0.372,1,0.4,0,7,1.9214
1236,96,1.3132,5,5,1914,0,0.747,0.747,0.892,0.892,0,1.784,0,1,1,4,1,9,0,1,0.18,2.03,0.4,0,7,1.38887
91,60,0.72,4,5,1950,0,0,0,1.04,0,0,1.04,0,1,0,2,1,4,0,2,0.42,0,0.29,0,7,1.099
753,79,0.9236,6,5,1997,1.2,0.279,1.479,1.494,0,0,1.494,1,2,0,3,1,6,0,2,0.576,1.68,0.27,0,7,2.17
1368,41,0.2665,5,6,1977,0.548,0.036,0.757,0.925,0.55,0,1.475,0,2,0,4,1,6,1,1,0.336,1.04,0.26,0,7,1.27
120,65,0.8461,6,5,2005,0,0.728,0.728,0.728,0.728,0,1.456,0,2,1,3,1,8,1,2,0.39,0,0.24,0,7,1.6399
12,85,1.1924,9,5,2005,0.998,0.177,1.175,1.182,1.142,0,2.324,1,3,0,4,1,11,2,3,0.736,1.47,0.21,0,7,3.45
1122,84,1.0084,7,5,2005,0.024,1.528,1.552,1.552,0,0,1.552,0,2,0,3,1,7,0,3,0.782,1.44,0.2,0,7,2.129
263,88,0.8471,6,7,1977,0.506,0,0.506,1.212,0,0,1.212,1,1,0,3,1,6,1,2,0.492,2.92,0.12,0,7,1.51
1201,71,0.9353,4,5,1970,0,0.864,0.864,0.864,0,0,0.864,0,1,0,3,1,5,0,1,0.28,0,0,0,7,1.1605
1113,73,0.71,5,7,1957,0.708,0.108,0.816,0.816,0,0,0.816,1,1,0,2,1,5,0,1,0.308,0,0,0,7,1.299
1175,80,1.656,6,8,1932,0.503,0.449,0.952,1.17,1.175,0,2.345,0,2,1,4,1,9,1,2,0.36,0,0,0,7,2.39
402,65,0.8767,7,5,2005,0.024,1.286,1.31,1.31,0,0,1.31,0,2,0,3,1,6,1,2,0.4,0,0,0,7,1.6499
737,60,0.8544,3,4,1950,0,0,0,1.04,0,0,1.04,0,2,0,2,2,6,0,2,0.4,0,0,0,7,0.935
702,80,0.96,7,5,1969,0,1.164,1.164,1.164,0,0,1.164,0,1,1,3,1,6,0,2,0.528,0,0,0,7,1.4
455,63,0.9297,5,5,1976,1.606,0.122,1.728,1.728,0,0,1.728,2,2,0,4,2,8,0,2,0.56,0,0,0,7,1.88
377,57,0.8846,5,5,1996,0.298,0.572,0.87,0.914,0,0,0.914,0,1,0,2,1,5,0,2,0.576,0,0,0,7,1.48
1332,55,1.078,5,5,1976,0.483,0.428,0.911,0.954,0,0,0.954,0,1,0,3,1,6,0,2,0.576,0,0,0,7,1.325
513,70,0.91,5,5,1958,0.521,0.169,0.864,0.864,0,0,0.864,1,1,0,3,1,5,0,2,0.624,0,0,0,7,1.299
138,82,1.107,7,5,1988,0,1.907,1.907,1.959,0,0,1.959,0,3,0,5,2,9,0,3,0.766,0,0,0,7,1.71
941,55,1.264,6,5,1976,0.936,0.396,1.728,1.728,0,0,1.728,0,2,0,4,2,8,0,2,0.574,0.4,0,0,7,1.509
696,54,1.3811,6,6,1987,0.98,0.092,1.112,1.137,0,0,1.137,1,2,0,2,1,5,1,2,0.551,1.25,0,0,7,1.76
214,43,1.3568,5,5,1995,0.716,0.274,0.99,0.99,0,0,0.99,0,1,0,3,1,5,0,2,0.576,2.24,0,0,7,1.56
304,70,0.98,5,7,1972,0.894,0,0.894,0.894,0,0,0.894,1,1,0,3,1,5,0,2,0.552,2.56,0,0,7,1.499
952,60,0.78,5,5,1965,0.641,0.187,0.828,0.965,0,0,0.965,1,1,0,3,1,6,0,1,0.3,4.21,0,0,7,1.199
182,54,0.7588,7,6,1920,0.352,0.441,0.793,0.901,0.901,0,1.802,0,1,1,4,1,9,1,1,0.216,0,0,0.4,7,2.001
670,80,1.16,4,5,1922,0,0.7,0.7,1.18,0,0,1.18,0,1,0,2,1,5,1,1,0.252,0,0,0.67,7,1.375
815,45,0.8248,5,7,1918,0,0.686,0.686,0.686,0.564,0,1.25,0,1,1,3,1,7,0,1,0.28,2.07,0,0.96,7,1.16
70,81,1.5593,7,4,1953,0.603,0.701,1.304,1.304,0.983,0,2.287,0,2,0,3,1,7,1,2,0.667,0,0.21,1.14,7,2.25
135,78,1.0335,5,6,1968,0.57,0.891,1.461,1.721,0,0,1.721,0,2,1,3,1,7,1,2,0.44,0,0.96,1.8,7,1.8
1334,60,0.72,5,6,1938,0,0.803,0.803,0.803,0.557,0,1.36,0,1,1,2,1,6,0,1,0.297,0,0.65,1.9,7,1.255
1188,89,1.2461,8,5,1994,1.456,0.168,1.624,1.624,0,0,1.624,1,2,0,2,1,5,1,3,0.757,0,1.14,1.92,7,2.62
1104,79,0.891,6,6,1959,0.655,0,0.655,1.194,0,0,1.194,0,1,0,3,1,6,1,2,0.539,0,0,1.92,7,1.595
1120,70,0.756,5,5,1959,0.369,0.671,1.04,1.04,0,0,1.04,0,1,0,3,1,6,0,1,0.286,1.4,0,2.52,7,1.337
1153,90,1.4115,6,7,1956,0.296,0.23,1.073,1.811,0,0,1.811,0,1,0,2,1,6,1,2,0.47,0,0,2.8,7,2.3
359,92,0.693,5,4,1958,0.3,0.468,1.062,1.352,0,0,1.352,0,1,0,3,1,6,0,1,0.288,1.68,0,2.94,7,1.3
1198,65,0.885,7,6,1916,0,0.815,0.815,0.815,0.875,0,1.69,0,1,0,3,1,7,1,1,0.225,0,0,3.3,7,1.44
1282,50,0.8049,7,5,1990,1.053,0.256,1.309,1.339,0,0,1.339,1,2,0,2,1,6,1,2,0.484,0,0.58,0,7,1.8
913,51,0.612,5,7,1925,0.489,0.279,0.768,1.015,0,0,1.015,0,1,0,3,1,6,0,1,0.45,0,0,1.12,7,0.88
855,102,1.792,5,4,1955,0.306,0.372,1.763,1.779,0,0,1.779,1,1,1,3,1,6,1,2,0.454,0,4.18,0,7,1.7
382,60,0.72,7,5,2006,0,1.293,1.293,1.301,0,0,1.301,1,2,0,2,1,5,1,2,0.572,2.16,1.21,0,8,1.8775
939,73,0.876,7,5,2006,0.464,0.927,1.391,1.391,0.571,0,1.962,0,2,1,3,1,7,0,3,0.868,0,0.9,0,8,2.39799
58,89,1.1645,7,5,2004,0,0.86,0.86,0.86,0.86,0,1.72,0,2,1,3,1,7,0,2,0.565,0,0.7,0,8,1.965
904,50,1.4859,7,5,2006,0,1.67,1.67,1.67,0,0,1.67,0,2,0,3,1,7,1,3,0.69,1.44,0.6,0,8,2.4
271,84,1.0728,8,5,2006,0,1.095,1.095,1.095,0.844,0,1.939,0,2,1,3,1,8,1,3,1.053,1.92,0.51,0,8,2.66
990,65,0.8125,7,5,2006,0,0.77,0.77,0.778,0.798,0,1.576,0,2,1,3,1,6,0,2,0.614,0,0.5,0,8,1.97
482,72,1.1846,9,5,2003,1.567,0.225,1.792,1.792,0,0,1.792,1,2,0,2,1,6,1,3,0.874,2.06,0.49,0,8,3.74
994,68,0.8846,6,5,2005,0,0.75,0.75,0.75,0.75,0,1.5,0,2,1,3,1,6,0,2,0.564,0,0.35,0,8,1.739
97,78,1.0264,7,5,1999,1.162,0.426,1.588,1.588,0,0,1.588,0,2,0,3,1,6,0,2,0.472,1.58,0.29,0,8,2.14
1146,52,0.624,5,6,1928,0,1.042,1.042,1.042,0.534,0,1.576,0,1,0,3,1,8,1,1,0.225,0,0,0,8,1.49
1073,50,0.7585,5,3,1948,0,0.81,0.81,1.002,0.454,0,1.456,1,1,0,4,1,7,1,1,0.28,0,0,0,8,0.915
1115,90,0.54,5,7,1954,0.415,0.418,0.833,0.833,0,0,0.833,0,1,0,2,1,4,0,1,0.326,0,0,0,8,1.17
608,78,0.78,5,8,1948,0.603,0.293,0.896,1.112,0.896,0,2.008,1,3,0,3,1,8,0,1,0.23,1.03,0,0,8,2.25
492,79,0.949,6,7,1941,0.403,0.238,0.806,0.958,0.62,0,1.578,1,1,0,3,1,5,2,1,0.24,0,0,0.32,8,1.33
556,58,0.638,5,6,1922,0,0.993,0.993,1.048,0,0,1.048,0,1,0,2,1,5,1,1,0.28,0,0,1.16,8,1.13
315,60,0.96,7,7,1925,0.016,0.712,0.728,0.832,0.809,0,1.641,0,1,1,3,1,6,1,2,0.546,0,0,2.34,8,1.78
996,51,0.4712,4,7,1946,0.384,0.363,0.747,0.774,0.456,0,1.23,1,1,1,3,1,5,0,1,0.305,0,0.57,0,8,1.216
596,69,1.1302,8,5,2005,1.422,0.392,1.814,1.826,0,0,1.826,1,2,0,3,1,7,1,3,0.758,1.8,0.75,0,8,3.19
1244,107,1.3891,10,5,2006,1.386,0.69,2.076,2.076,0,0,2.076,1,2,1,2,1,7,1,3,0.85,2.16,2.29,0,9,4.65
321,111,1.6259,9,5,2006,0,1.249,1.249,1.249,1.347,0,2.596,0,3,1,4,1,9,0,3,0.84,2.4,1.54,0,9,3.42643
1108,168,2.3257,7,5,2006,0,0.868,0.868,0.887,1.134,0,2.021,0,2,1,3,1,9,1,2,0.422,0,1,0,9,2.74725
1356,102,1.0192,7,6,1968,0,0.57,0.57,1.222,0.698,0,1.92,0,3,0,4,1,8,1,2,0.487,0,0.98,0,9,1.7
507,80,0.9554,8,5,1993,0.38,0.397,0.777,1.065,0.846,0,1.911,0,2,1,3,1,8,1,2,0.471,1.82,0.81,0,9,2.15
1238,41,1.2393,7,5,2004,0,0.847,0.847,0.847,1.101,0,1.948,0,2,1,4,1,8,1,2,0.434,1,0.48,0,9,1.95
1360,129,1.6737,9,5,2004,1.447,0.533,1.98,1.98,0,0,1.98,1,2,0,3,1,8,1,3,0.77,1.94,0.45,0,9,3.15
1391,70,0.91,7,5,2000,1.4,0.125,1.525,1.525,0,0,1.525,1,2,0,3,1,6,0,2,0.541,2.19,0.36,0,9,2.35
1307,48,0.6955,7,5,2005,0,1.368,1.368,1.368,0,0,1.368,0,2,0,2,1,6,1,2,0.474,1.32,0.35,0,9,2.025
36,108,1.3418,8,5,2004,0,1.117,1.117,1.132,1.32,0,2.452,0,3,1,4,1,9,1,3,0.691,1.13,0.32,0,9,3.09
545,58,1.7104,7,5,2006,0.554,0.1,0.654,0.664,0.832,0,1.496,1,2,1,3,1,7,1,2,0.426,1,0.24,0,9,1.79665
698,57,0.642,5,7,1952,0.21,0.219,0.98,1.148,0,0,1.148,0,1,0,2,1,6,0,1,0.308,0,0,0,9,1.235
52,52,0.624,6,6,1934,0,0.816,0.816,0.816,0,360,1.176,0,1,0,3,1,6,1,2,0.528,1.12,0,0,9,1.145
218,57,0.9906,4,4,1925,0,0.686,0.686,0.81,0.518,0,1.328,0,1,0,3,1,8,0,1,0.21,0,1.72,0.6,9,1.07
558,60,1.104,4,6,1920,0.637,0,0.637,0.897,0.439,0,1.336,0,1,1,3,1,7,0,1,0.57,0,0.47,1.2,9,1.08
923,65,1.0237,6,5,2005,0.028,1.288,1.316,1.316,0,0,1.316,0,2,0,3,1,6,1,2,0.397,1,0,0,10,1.6999
736,60,1.08,7,7,1914,0.39,0.49,0.88,0.88,0.888,0,1.768,0,1,1,2,1,6,2,2,0.32,0,3.41,0,10,1.63
597,60,0.36,6,7,1910,0,0.684,0.684,0.684,0.684,0,1.368,0,1,0,3,1,7,0,1,0.216,0,1.58,0,10,1.14504
1200,75,1.1235,4,5,1963,0.547,0.504,1.051,1.382,0,0,1.382,0,1,1,3,1,6,1,2,0.459,0,0.82,0,10,1.48
1290,86,1.1065,8,5,2006,0,1.085,1.085,1.12,0.85,0,1.97,0,2,1,3,1,8,1,3,0.753,1.77,0.74,0,10,2.81
1094,71,0.923,5,8,1965,0.661,0.203,0.864,1.2,0,0,1.2,1,1,1,1,1,6,0,2,0.884,0,0.64,0,10,1.46
535,74,0.9056,8,5,2004,0,0.707,0.707,0.707,0.707,0,1.414,0,2,1,3,1,6,1,2,0.403,1,0.35,0,10,1.78
769,70,0.91,7,5,2004,0.024,1.836,1.86,1.836,0,0,1.836,0,2,0,3,1,8,1,2,0.484,1.2,0.33,0,10,2.16837
1224,89,1.068,5,3,1951,0.756,1.38,2.136,2.136,0,0,2.136,0,2,0,4,1,7,0,2,0.528,0,0.3,0,10,1.379
1395,53,0.4045,7,5,2006,1.07,0.286,1.356,1.5,0,0,1.5,1,2,0,2,1,6,1,3,0.648,1.61,0.2,0,10,2.46578
917,50,0.9,2,3,1949,0.05,0.43,0.48,0.48,0,0,0.48,1,0,0,1,1,4,0,1,0.308,0,0,0,10,0.35311
346,65,0.6435,6,5,1939,0,0.972,0.972,0.972,0.605,0,1.577,0,1,0,3,1,6,1,1,0.312,0,0,0,10,1.402
437,40,0.44,6,8,1920,0,0.648,0.648,0.734,0.384,0,1.118,0,1,0,2,1,6,0,2,0.44,0,0,0,10,1.16
18,72,1.0791,4,5,1967,0,0,0,1.296,0,0,1.296,0,2,0,2,2,6,0,2,0.516,0,0,0,10,0.9
807,75,0.975,5,5,1967,0.4,0.1,0.98,0.98,0,0,0.98,0,2,0,3,1,6,0,1,0.384,0.68,0,0,10,1.355
572,60,0.7332,6,6,1959,0.414,0.45,0.864,0.864,0,0,0.864,1,1,0,2,1,4,0,1,0.288,1.68,0,0,10,1.2
111,75,0.9525,6,4,1954,0.444,0.55,0.994,1.216,0.639,0,1.855,0,2,0,4,1,7,0,1,0.325,1.82,0,0,10,1.369
640,53,0.3982,8,5,2006,1.154,0.366,1.52,1.567,0,0,1.567,1,2,0,1,1,7,1,3,0.648,3.12,0,0,10,2.64561
523,50,0.5,6,7,1947,0.399,0.605,1.004,1.004,0.66,0,1.664,0,2,0,3,1,7,2,2,0.42,0,0.24,0.36,10,1.59
59,66,1.3682,10,5,2006,0,1.41,1.41,1.426,1.519,0,2.945,0,3,1,3,1,10,1,3,0.641,1.92,0,0.37,10,4.3878
1383,60,0.72,7,7,1920,0,0.596,0.596,0.998,0.764,0,1.762,1,1,1,4,1,8,0,2,0.576,0.36,0,2.21,10,1.57
310,90,1.2378,9,5,2003,1.274,0.622,1.896,1.944,0,0,1.944,1,2,0,3,1,8,3,3,0.708,2.08,1.75,0,11,3.6
21,101,1.4215,8,5,2005,0,1.158,1.158,1.158,1.218,0,2.376,0,3,1,4,1,9,1,3,0.853,2.4,1.54,0,11,3.253
666,106,1.1194,8,5,2000,0,1.406,1.406,1.454,0.482,0,1.936,0,2,1,3,1,7,1,2,0.504,1.88,1.24,0,11,2.305
54,68,5.0271,9,5,1981,1.81,0.032,1.842,1.842,0,0,1.842,2,0,1,0,1,5,1,3,0.894,8.57,0.72,0,11,3.85
1055,90,1.1367,8,5,2002,0.932,0.133,1.065,1.091,0.898,0,1.989,1,2,1,3,1,7,1,2,0.586,1.99,0.6,0,11,2.55
1197,58,1.4054,7,5,2006,0,0.879,0.879,0.879,0.984,0,1.863,0,2,1,4,1,9,1,3,0.66,1,0.17,0,11,2.1921
1221,66,0.78,5,5,1964,0.312,0,0.912,0.912,0,0,0.912,0,1,0,2,1,5,0,1,0.288,0,0,0,11,1.15
145,70,0.91,5,5,1963,1.332,0.396,1.728,1.728,0,0,1.728,1,2,0,6,2,10,0,2,0.504,0,0,0,11,1.25
1296,70,0.84,5,5,1968,1.016,0.036,1.052,1.052,0,0,1.052,1,1,1,3,1,5,0,1,0.288,3.56,0,0,11,1.385
1152,134,1.7755,5,4,1959,0.176,1.29,1.466,1.466,0,0,1.466,0,1,1,3,1,6,2,2,0.528,0,1.4,0,11,1.499
625,80,1.04,6,5,1972,0.247,0.485,0.732,1.012,0.778,0,1.79,1,1,2,4,1,8,1,2,0.484,1.48,0,0,11,1.6515
29,47,1.6321,5,6,1957,1.277,0.207,1.484,1.6,0,0,1.6,1,1,0,2,1,6,2,1,0.319,2.88,2.58,0,12,2.075
1393,68,0.7838,5,5,1967,0.769,0.095,0.864,0.9,0,0,0.9,1,1,0,3,1,6,1,1,0.288,1.75,1.44,0,12,1.23
41,84,0.8658,6,5,1965,0.643,0.445,1.088,1.324,0,0,1.324,0,2,0,3,1,6,1,2,0.44,0,1.38,0,12,1.6
1303,92,1.012,8,5,1994,0.74,0.425,1.165,1.203,1.323,0,2.526,1,2,1,4,1,8,1,3,0.844,3.09,0.78,0,12,2.9
452,62,7.0761,7,5,1975,0.655,0.878,1.533,1.533,0,0,1.533,1,2,0,2,1,5,2,2,0.576,2,0.54,0,12,2.8
92,85,0.85,5,3,1961,0.6,0.635,1.235,1.235,0,0,1.235,0,1,0,2,1,6,0,2,0.48,0,0,0,12,0.986
694,60,0.54,5,6,1921,0,1.073,1.073,1.073,0,0,1.073,0,1,0,2,1,4,0,1,0.326,0,0,1.12,12,1.0848
281,82,1.1287,7,6,1989,0.421,0.386,0.807,1.175,0.807,0,1.982,0,2,1,3,1,7,1,2,0.575,0,0.84,0,1,2.285
1312,68,0.8814,7,5,2005,0.925,0.349,1.274,1.274,0,0,1.274,1,2,0,3,1,6,0,2,0.508,2.64,0.98,0,1,2.03
692,104,2.1535,10,6,1994,1.455,0.989,2.444,2.444,1.872,0,4.316,0,3,1,4,1,10,2,3,0.832,3.82,0.5,0,1,7.55
916,21,0.2001,4,5,1970,0,0.546,0.546,0.546,0.546,0,1.092,0,1,1,3,1,6,0,1,0.286,0,0,0,1,0.75
1223,78,1.0496,6,6,1949,0.196,0.844,1.04,1.168,0.678,0,1.846,0,2,0,3,1,7,1,1,0.315,0,0,0,1,1.43
50,66,0.7742,5,7,1966,0.763,0.192,0.955,0.955,0,0,0.955,1,1,0,3,1,6,0,1,0.386,0,0,0,1,1.27
151,120,1.0356,5,6,1975,0.716,0.253,0.969,0.969,0,0,0.969,0,1,1,3,1,5,0,2,0.44,0,0,0,1,1.22
877,94,2.5286,4,5,1963,0.633,0.431,1.064,1.04,0,0,1.04,1,1,0,3,1,5,0,2,0.648,0,0,0,1,1.3225
1002,60,0.54,5,6,1920,0,0.691,0.691,0.691,0,0,0.691,0,1,0,2,1,4,0,1,0.216,0,0.2,0.94,1,0.86
1267,60,1.012,7,4,1910,0,0.925,0.925,0.964,0.925,0,1.889,0,1,1,4,2,9,1,1,0.308,0,0,2.64,1,1.22
1246,78,1.209,6,7,1984,0,0.585,0.585,1.14,0.728,0,1.868,0,3,1,3,1,7,1,2,0.477,2.68,1.12,0,1,1.78
55,60,0.7134,5,5,1955,0.384,0,0.384,1.36,0,0,1.36,0,1,0,3,1,6,1,2,0.572,0,0.5,0,2,1.3
1325,75,0.9986,8,5,2006,0,1.795,1.795,1.795,0,0,1.795,0,2,0,2,1,7,1,3,0.895,0,0.49,0,2,1.47
1396,88,1.2665,8,5,2005,0,1.094,1.094,1.133,1.349,0,2.482,0,2,1,4,1,9,1,3,0.642,1.44,0.39,0,2,2.81213
598,53,0.3922,7,5,2006,0,1.258,1.258,1.402,0,0,1.402,0,0,2,2,1,7,1,3,0.648,1.2,0.16,0,2,1.94201
1320,75,1.0215,4,5,1954,0.492,0.372,0.864,0.948,0,0,0.948,0,1,0,3,1,5,0,1,0.248,0,0,0,2,1.11
71,95,1.3651,7,6,1973,1.88,0.343,2.223,2.223,0,0,2.223,1,2,0,3,1,8,2,2,0.516,3,0,0,2,2.44
488,70,1.2243,5,6,1971,0.998,0.486,1.484,1.484,0,0,1.484,0,2,0,3,1,7,1,2,0.487,2.24,0,0,2,1.75
933,84,1.167,9,5,2006,0,1.905,1.905,1.905,0,0,1.905,0,2,0,3,1,8,1,3,0.788,0,1.91,0,3,3.2
478,105,1.3693,9,5,2006,0,2.153,2.153,2.069,0.574,0,2.643,0,2,1,3,1,9,1,3,0.694,4.14,0.84,0,3,3.8
480,50,0.5925,4,7,1937,0.168,0.739,0.907,1.131,0,0,1.131,0,1,0,2,1,7,0,2,0.672,0,0.72,0,3,0.89471
1364,73,0.8499,6,5,2006,0,0.616,0.616,0.616,0.796,0,1.412,0,2,1,3,1,6,1,2,0.432,0,0.36,0,3,1.56932
207,40,1.3673,5,5,1962,0,1.14,1.14,1.696,0,0,1.696,0,1,1,3,1,8,1,1,0.349,0,0.3,0,3,1.439
1096,78,0.9317,6,5,2006,0.024,1.29,1.314,1.314,0,0,1.314,0,2,0,3,1,6,1,2,0.44,0,0.22,0,3,1.76432
1390,60,0.6,6,6,1941,0.375,0.36,0.735,0.869,0.349,0,1.218,0,1,0,3,1,6,1,2,0.44,0,0,0,3,1.31
1233,70,0.9842,4,5,1962,0,0,0,1.224,0,0,1.224,0,2,0,2,2,6,0,2,0.462,0,0,0,3,1.018
1026,70,0.77,5,5,1972,0.138,0.276,0.882,0.882,0,0,0.882,1,1,0,3,1,5,0,2,0.461,0.96,0,0,3,1.125
439,40,0.428,5,6,1913,0.365,0.075,0.44,0.694,0,0,0.694,0,1,0,2,1,4,1,1,0.352,0,0,0.34,3,0.9035
62,60,0.72,5,7,1920,0,0.53,0.53,0.581,0.53,0,1.111,0,1,0,3,1,6,0,1,0.288,0,0,1.44,3,1.01
1023,52,0.9439,5,5,1930,0.324,0.588,0.912,0.912,0.336,0,1.248,0,1,0,2,1,6,0,1,0.16,0,0,1.92,3,0.87
1318,47,0.423,7,5,2006,0,1.352,1.352,1.352,0,0,1.352,0,2,0,2,1,5,1,2,0.466,0,2.41,0,4,2.089
1143,77,0.9965,8,5,2006,1.15,0.316,1.466,1.466,1.362,0,2.828,1,3,0,4,1,11,1,3,1.052,1.25,1.44,0,4,4.2487
1080,65,0.8775,5,5,1994,0.495,0.495,0.99,0.99,0,0,0.99,0,1,0,3,1,5,0,1,0.299,0,0.64,0,4,1.26
118,74,0.8536,5,5,2006,0,1.125,1.125,1.125,0,0,1.125,0,1,1,2,1,5,0,2,0.43,0.8,0.64,0,4,1.55
383,79,0.9245,7,5,2006,0,0.939,0.939,0.939,0.858,0,1.797,0,2,1,3,1,8,0,2,0.639,1.44,0.53,0,4,2.135
882,44,1.3758,7,5,1990,0.902,0.254,1.156,1.187,0.53,0,1.717,0,2,1,3,1,7,1,2,0.4,1.68,0.36,0,4,1.875
1176,85,1.0678,8,5,1992,0.7,0.983,1.683,2.129,0.743,0,2.872,0,2,1,4,1,9,1,2,0.541,0,0.33,0,4,2.85
1103,70,0.7,5,7,1960,0.588,0.422,1.01,1.134,0,0,1.134,0,1,0,2,1,6,0,1,0.254,0,0.16,0,4,1.35
1029,79,0.9492,5,5,1941,0.368,0.359,0.768,0.968,0.408,0,1.376,1,1,0,3,1,6,1,1,0.24,0,0,0,4,1.05
419,60,0.816,5,6,1940,0.312,0.444,0.756,0.756,0.378,0,1.134,1,1,1,3,1,7,0,1,0.24,0,0,0,4,1.26
1105,24,0.2016,5,5,1970,0,0.63,0.63,0.63,0.672,0,1.302,0,2,1,3,1,6,0,2,0.44,0,0,0,4,1.06
958,70,0.742,5,5,1962,0.417,0.64,1.057,1.057,0,0,1.057,0,1,0,3,1,6,0,2,0.576,0,0,0,4,1.32
548,54,0.7244,5,7,1970,0.619,0.149,0.768,0.768,0,0,0.768,1,1,0,2,1,5,0,2,0.624,1.04,0,0,4,1.295
797,71,0.8197,6,5,1977,0,0.66,0.66,1.285,0,0,1.285,0,1,1,3,1,7,1,2,0.528,1.38,0,0,4,1.435
644,80,1.0793,5,5,1969,0.493,0,0.78,0.78,0.84,0,1.62,0,2,1,4,1,7,0,2,0.462,2.08,0,0,4,1.52
610,61,0.7943,4,5,1961,0.903,0.126,1.029,1.029,0,0,1.029,1,1,0,3,1,5,0,1,0.261,0.64,0,0.39,4,1.185
503,70,0.917,5,7,1965,0.698,0.42,1.214,1.214,0,0,1.214,1,1,0,2,1,6,0,2,0.461,0,0,1.84,4,1.4
814,75,0.975,6,6,1958,0.608,0.834,1.442,1.442,0,0,1.442,0,1,1,4,1,7,0,1,0.301,0,0,2.75,4,1.579
467,85,1.0628,7,5,1970,0.778,0.499,1.277,1.277,0,0,1.277,1,1,0,2,1,5,1,2,0.526,0,0,0,4,1.67
547,70,0.8737,6,7,1923,0.3,0.765,1.065,0.915,0.72,0,1.635,0,1,1,3,1,6,1,2,0.44,0,0.38,0,5,2.1
1107,114,1.0357,7,5,1990,0.738,0.172,0.91,1.442,0,0,1.442,1,2,0,3,1,6,1,2,0.719,0,2.44,0,5,1.799
95,69,0.9337,6,5,1997,0.648,0.176,0.824,0.905,0.881,0,1.786,1,2,1,3,1,7,0,2,0.684,0,1.62,0,5,2.0475
1136,60,0.618,6,5,1926,0,0.96,0.96,0.986,0,0,0.986,0,1,0,2,1,5,1,1,0.18,0,1.28,0,5,1.02
927,93,1.1999,8,5,2003,0,1.181,1.181,1.234,1.14,0,2.374,0,2,1,4,1,10,1,3,0.656,1.04,1,0,5,2.85
1075,74,0.8556,7,5,2006,0,1.24,1.24,1.24,0,0,1.24,0,2,0,2,1,5,0,3,0.826,1.4,0.93,0,5,1.94
1250,60,0.72,5,7,1950,0.534,0.246,0.876,0.988,0,0,0.988,0,1,0,3,1,6,0,1,0.276,0,0.8,0,5,1.19
302,66,1.6226,8,5,1998,0.281,0.747,1.028,1.21,1.242,0,2.452,0,2,1,4,1,9,1,2,0.683,2.08,0.5,0,5,2.67
1133,90,0.99,6,4,1880,0,1.008,1.008,1.178,1.032,0,2.21,0,2,0,5,1,8,0,1,0.205,0,0.48,0,5,1.175
169,62,0.8244,7,5,2004,0,0.84,0.84,0.84,0.88,0,1.72,0,2,1,3,1,7,1,2,0.44,1,0.48,0,5,1.835
469,98,1.1428,8,5,2006,0,1.626,1.626,1.634,0,0,1.634,0,2,0,3,1,7,1,3,0.866,0,0.44,0,5,2.5
522,90,1.1988,6,6,1957,0.777,0.467,1.244,1.244,0,0,1.244,0,1,1,3,1,6,2,1,0.336,0,0.4,0,5,1.5
501,21,0.189,6,5,1973,0.356,0.316,0.672,0.672,0.546,0,1.218,0,1,1,3,1,7,0,1,0.264,1.44,0.28,0,5,1.13
1449,70,1.1767,4,7,1910,0,0.56,0.56,0.796,0.55,0,1.346,0,1,1,2,1,6,0,1,0.384,1.68,0.24,0,5,1.12
732,73,0.959,7,5,2003,0.786,0.082,0.868,1.146,0,0,1.146,1,2,0,3,1,6,1,2,0.438,1.6,0.22,0,5,1.875
1114,66,0.8923,5,7,1953,0.643,0.365,1.008,1.008,0,0,1.008,1,1,0,2,1,6,0,1,0.24,0,0.18,0,5,1.345
1216,99,0.7094,5,5,1966,0.18,0.34,0.894,0.894,0,0,0.894,0,1,0,3,1,5,0,1,0.384,0,0,0,5,1.25
979,68,0.945,4,5,1954,0.552,0.342,0.894,0.894,0,0,0.894,0,1,0,3,1,5,0,2,0.4,0,0,0,5,1.1
1163,109,0.8724,5,5,1968,0.492,0.402,0.894,0.894,0,0,0.894,0,1,0,3,1,5,1,2,0.45,0,0,0,5,1.29
1437,60,0.9,4,6,1971,0.616,0.248,0.864,0.864,0,0,0.864,0,1,0,3,1,5,0,2,0.528,0,0,0,5,1.205
1070,60,0.96,5,7,1949,0.22,0.625,0.845,0.893,0,0,0.893,0,1,0,2,1,4,0,2,0.576,0,0,0,5,1.35
1348,93,1.5306,8,5,2006,0.08,1.652,1.732,1.776,0,0,1.776,1,2,0,3,1,7,1,3,0.712,0,0,0,5,2.83463
98,73,1.0921,4,5,1965,0.52,0.44,0.96,0.96,0,0,0.96,1,1,0,3,1,6,0,1,0.432,1.2,0,0,5,0.9475
868,85,0.697,4,5,1961,0.932,0.108,1.04,1.12,0,0,1.12,1,1,1,3,1,5,0,2,0.544,1.68,0,0,5,1.29
2,80,0.96,6,8,1976,0.978,0.284,1.262,1.262,0,0,1.262,0,2,0,3,1,6,1,2,0.46,2.98,0,0,5,1.815
1121,59,0.8263,6,5,1920,0,1.012,1.012,1.012,0,0,1.012,0,1,0,2,1,6,1,1,0.308,0,0.22,1.12,5,1.184
741,60,0.96,5,7,1910,0,0.264,0.264,0.768,0.664,0,1.432,0,2,0,2,1,7,0,2,0.36,2.7,0,1.12,5,1.32
1398,51,0.612,5,8,1920,0,0.939,0.939,0.939,0.574,0,1.513,0,1,1,4,1,8,0,1,0.18,0.24,0,1.5,5,1.375
1446,70,0.84,6,5,1966,0.187,0,0.814,0.913,0,0,0.913,1,1,0,3,1,6,0,1,0.24,0,0,2.52,5,1.29
1140,98,0.8731,5,5,1920,0.645,0.27,0.915,1.167,0,0,1.167,0,1,0,3,1,6,1,2,0.495,0,0,2.16,5,1.44
279,107,1.445,9,5,2006,0,2.121,2.121,2.121,0,0,2.121,0,2,1,3,1,8,1,3,0.732,1.24,0.98,0,5,4.15298
1185,50,3.5133,5,4,1963,1.159,0.413,1.572,1.572,0,0,1.572,1,1,1,3,1,5,2,3,0.995,0,2.63,0,5,1.867
183,60,0.906,5,6,1957,0,0,0,1.34,0,0,1.34,0,1,0,3,1,7,1,1,0.252,1.16,0,0,6,1.2
500,70,0.7535,5,7,1958,0.111,0.522,0.912,0.912,0,0,0.912,0,1,0,2,1,5,0,1,0.297,0.12,2.85,0,6,1.2
861,55,0.7642,7,8,1918,0,0.912,0.912,0.912,0.514,0,1.426,0,1,1,3,1,7,1,1,0.216,0,2.4,0,6,1.8995
450,50,0.6,3,7,1948,0.331,0.318,0.649,0.679,0.504,0,1.183,0,1,1,2,1,6,0,1,0.308,0,1.76,0,6,1.2
322,99,1.2099,8,5,2004,0.97,0.166,1.136,1.136,1.332,0,2.468,1,2,1,4,1,10,1,3,0.872,1.84,1.54,0,6,3.54
794,76,0.9158,8,5,2007,0,1.496,1.496,1.496,0,0,1.496,0,2,0,3,1,7,0,2,0.474,1.68,1.3,0,6,2.25
793,92,0.992,7,5,1996,0.862,0.255,1.117,1.127,0.886,0,2.013,1,2,1,3,1,8,1,2,0.455,1.8,1.3,0,6,2.6979
227,82,0.995,7,5,1995,0.565,0.638,1.203,1.214,1.306,0,2.52,0,2,1,4,1,9,1,3,0.721,2.24,1.14,0,6,2.9
24,44,0.4224,5,7,1976,0.84,0.2,1.04,1.06,0,0,1.06,1,1,0,3,1,6,1,2,0.572,1,1.1,0,6,1.299
907,116,1.3501,8,5,2006,0.063,1.56,1.623,1.636,0,0,1.636,1,2,0,3,1,8,1,3,0.865,0,0.6,0,6,2.55
1242,83,0.9849,7,6,2007,0,1.689,1.689,1.689,0,0,1.689,0,2,0,3,1,7,0,3,0.954,0,0.56,0,6,2.48328
286,35,0.4251,7,5,2006,0,0.625,0.625,0.625,0.625,0,1.25,0,2,1,2,1,5,0,2,0.528,0,0.54,0,6,1.647
1053,100,0.95,6,6,1964,0.442,0.374,0.816,1.127,0.85,0,1.977,0,1,1,4,1,9,1,2,0.54,0,0.52,0,6,1.65
881,60,0.7024,5,5,2005,0.98,0.11,1.09,1.09,0,0,1.09,1,1,1,2,1,5,0,2,0.45,0,0.49,0,6,1.57
544,34,0.4058,7,5,1998,0.584,0,0.723,0.767,0,0,0.767,1,1,0,1,1,4,0,1,0.367,1.2,0.4,0,6,1.33
116,34,0.323,6,5,1999,0.419,0.31,0.729,0.729,0.729,0,1.458,0,2,1,2,1,5,1,2,0.44,0,0.32,0,6,1.76
68,72,1.0665,7,5,2003,1.013,0.44,1.453,1.479,0,0,1.479,1,2,0,3,1,7,0,2,0.558,1.44,0.29,0,6,2.26
690,61,0.7577,6,5,2005,0.02,1.342,1.362,1.362,0,0,1.362,0,2,0,2,1,6,1,2,0.46,1.92,0.28,0,6,1.947
781,63,0.7875,7,5,1995,0,1.237,1.237,1.253,0,0,1.253,0,2,0,3,1,6,1,2,0.402,2.2,0.21,0,6,1.76
444,53,0.3922,7,5,2006,0,1.258,1.258,1.258,0,0,1.258,0,2,0,2,1,6,1,3,0.648,1.44,0.16,0,6,1.725
1035,50,0.6305,5,7,1938,0,0.92,0.92,0.954,0,0,0.954,0,1,0,2,1,5,1,1,0.24,0,0,0,6,1.1975
72,69,0.7599,4,6,1982,0.565,0.28,0.845,0.845,0,0,0.845,1,1,0,2,1,4,0,2,0.36,0,0,0,6,1.295
1341,70,0.8294,4,5,1971,0,0.858,0.858,0.872,0,0,0.872,0,1,0,3,1,5,0,4,0.48,0,0,0,6,1.23
487,79,1.0289,5,7,1965,0.836,0.237,1.073,1.073,0,0,1.073,1,1,1,3,1,6,0,2,0.515,0,0,0,6,1.56
944,100,2.5,5,4,1967,0,1.632,1.632,1.632,0,0,1.632,0,2,0,4,2,8,0,2,0.576,0,0,0,6,1.43
275,76,0.8314,5,7,1982,0.546,0.27,0.816,0.816,0,0,0.816,0,1,0,2,1,5,0,1,0.264,1.68,0,0,6,1.245
468,79,0.948,5,7,1942,0.386,0.342,0.728,0.888,0.756,0,1.644,0,1,1,3,1,7,2,1,0.312,1.68,0,0,6,1.465
1226,65,1.0482,6,8,1958,0.507,0.081,0.588,1.138,0,0,1.138,0,1,0,3,1,6,0,1,0.264,2.24,0,0,6,1.45
299,90,1.17,6,6,1968,0.384,0.143,0.702,1.041,0.702,0,1.743,0,1,2,3,1,7,1,2,0.539,2.24,0,0,6,1.75
297,75,1.371,5,5,1950,0.42,0.49,0.91,0.91,0.648,0,1.558,0,1,1,4,1,6,0,1,0.282,2.89,0,0,6,1.52
176,84,1.2615,6,7,1950,0.477,0.725,1.202,2.158,0,0,2.158,1,2,0,4,1,7,1,2,0.576,0,0.29,0.39,6,2.43
515,55,1.0594,5,5,1926,0,0.768,0.768,0.789,0,0,0.789,0,1,0,2,1,5,0,1,0.2,0,0,1.12,6,0.965
122,50,0.606,4,5,1939,0,0.732,0.732,0.772,0.351,0,1.123,0,1,0,3,1,4,0,1,0.264,0,0,1.4,6,1
527,70,1.33,5,7,1956,0.377,0.551,0.928,0.928,0,0,0.928,0,1,0,2,1,4,0,1,0.252,2.61,0,1.56,6,1.32
514,71,0.9187,6,5,1983,0.336,0.748,1.084,1.08,0,0,1.08,0,1,1,3,1,5,0,2,0.484,1.2,0,1.58,6,1.34
22,57,0.7449,7,7,1930,0,0.637,0.637,1.108,0,0,1.108,0,1,0,3,1,6,1,1,0.28,0,0,2.05,6,1.394
307,116,1.3474,7,5,1990,0.7,0,0.7,1.122,1.121,0,2.243,1,2,1,4,1,8,1,3,0.746,1.27,0.44,2.24,6,2.25
837,90,0.81,5,6,1948,0.338,1.221,1.559,1.559,0,0,1.559,1,1,0,2,1,5,0,2,0.812,0,1.16,2.3,6,1.535
800,60,0.72,5,7,1937,0.569,0.162,0.731,0.981,0.787,0,1.768,1,1,1,3,1,7,2,1,0.24,0,0,2.64,6,1.75
1071,72,1.0152,5,5,1956,0.586,0.462,1.048,1.048,0,0,1.048,1,1,0,3,1,6,0,1,0.286,0,0.2,0,6,1.35
298,66,0.7399,7,5,1997,0.649,0.326,0.975,0.975,0.975,0,1.95,0,2,1,3,1,7,1,2,0.576,0,0.1,0,6,2.39
674,110,1.4442,6,7,1957,1.186,0.291,1.477,1.839,0,0,1.839,1,2,0,3,1,7,2,2,0.416,0,0.87,0,6,2.575
1183,160,1.5623,10,5,1996,2.096,0.3,2.396,2.411,2.065,0,4.476,1,3,1,4,1,10,2,3,0.813,1.71,0.78,0,7,7.45
398,69,0.759,5,5,1962,0.54,0.324,0.864,0.876,0.936,0,1.812,0,2,0,4,1,8,1,1,0.264,0,1.68,0,7,1.695
48,84,1.1096,8,5,2006,0.024,1.632,1.656,1.656,0,0,1.656,0,2,0,3,1,7,0,3,0.826,0,1.46,0,7,2.497
16,51,0.612,7,8,1929,0,0.832,0.832,0.854,0,0,0.854,0,1,0,2,1,5,0,2,0.576,0.48,1.12,0,7,1.32
42,115,1.6905,5,6,1959,0.967,0.383,1.35,1.328,0,0,1.328,0,1,1,2,1,5,2,1,0.308,0,1.04,0,7,1.7
921,70,0.8462,6,5,1994,0.814,0.114,0.928,0.936,0.785,0,1.721,0,2,1,3,1,7,0,2,0.471,3,0.87,0,7,2.01
966,65,1.0237,6,5,2005,0,0.783,0.783,0.783,0.701,0,1.484,0,2,1,3,1,8,1,2,0.393,0,0.72,0,7,1.789
474,110,1.4977,8,5,2006,1.35,0.626,1.976,1.976,0,0,1.976,1,2,0,2,1,7,1,3,0.908,2.5,0.63,0,7,4.4
337,86,1.4157,9,5,2005,1.249,0.673,1.922,1.922,0,0,1.922,1,2,0,3,1,8,1,3,0.676,1.78,0.51,0,7,3.77426
1129,59,1.1796,7,5,2004,0,0.847,0.847,0.847,1.112,0,1.959,0,2,1,4,1,8,1,2,0.434,1,0.48,0,7,2.15
375,65,0.82,7,5,2003,0,0.847,0.847,0.847,1.081,0,1.928,0,2,1,4,1,8,1,2,0.434,1,0.48,0,7,2.195
684,90,1.1248,9,5,2002,1.059,0.567,1.626,1.668,0,0,1.668,1,2,0,3,1,7,1,3,0.702,2.57,0.45,0,7,2.85
775,110,1.4226,8,5,2006,0,1.935,1.935,1.973,0,0,1.973,0,2,0,3,1,9,1,3,0.895,3.15,0.45,0,7,3.95
993,80,0.976,6,8,1964,0.536,0.169,0.822,1.02,0.831,0,1.851,0,2,1,3,1,7,1,2,0.44,2.39,0.42,0,7,1.87
395,60,1.0134,5,6,1940,0,0.735,0.735,0.735,0.299,0,1.034,0,1,0,2,1,5,0,1,0.24,0,0.39,0,7,1.09
709,65,0.9018,7,5,2007,0,0.728,0.728,0.728,0.728,0,1.456,0,2,1,3,1,8,1,2,0.4,1,0.24,0,7,1.7954
1076,75,1.3125,7,6,1940,0.41,0.39,0.8,0.96,0.78,0,1.74,0,1,1,3,1,6,2,1,0.24,0,0,0,7,2.195
774,70,1.015,5,5,1958,0.456,0.456,0.912,0.912,0,0,0.912,0,1,0,2,1,5,0,1,0.275,0,0,0,7,1.145
1102,61,0.9758,5,5,1971,0.412,0.251,0.95,0.95,0,0,0.95,0,1,0,3,1,5,0,1,0.28,0,0,0,7,1.195
1270,78,1.1344,5,5,1958,0.46,0.414,0.874,0.874,0.65,0,1.524,0,1,1,3,1,7,0,1,0.315,0,0,0,7,1.44
1276,95,1.1345,5,5,1948,0.22,0.708,0.928,0.928,0.992,0,1.92,0,2,0,4,2,10,0,2,0.4,0,0,0,7,1.37
1345,85,1.1103,7,5,2006,0,0.728,0.728,0.728,0.728,0,1.456,0,2,1,3,1,8,1,2,0.44,0,0,0,7,1.55835
802,40,0.48,4,7,1916,0.197,0.999,1.196,1.196,0,0,1.196,1,1,0,2,1,5,0,2,0.44,0,0,0,7,1.099
891,60,0.8064,5,7,1949,0,0.672,0.672,0.672,0.252,0,0.924,0,1,0,3,1,6,1,2,0.576,0,0,0,7,1.229
133,75,0.7388,5,6,1959,0.405,0.658,1.063,1.327,0,0,1.327,1,1,0,3,1,7,0,2,0.624,0,0,0,7,1.5075
963,24,0.2308,6,6,1976,0.556,0.248,0.804,0.804,0.744,0,1.548,1,2,1,3,1,7,1,2,0.44,0.48,0,0,7,1.55
84,80,0.8892,5,5,1960,0,1.065,1.065,1.065,0,0,1.065,0,1,1,3,1,6,0,2,0.461,0.74,0,0,7,1.265
306,80,1.0386,8,5,2004,1.464,0.536,2,2,0,0,2,1,2,0,3,1,8,0,3,0.888,1.68,0,0,7,3.059
951,60,0.72,5,8,1950,0.398,0.317,0.864,0.864,0,0,0.864,1,1,0,3,1,5,0,2,0.72,1.94,0,0,7,1.29
115,61,0.7259,6,8,1945,0.774,0.104,1.028,1.436,0.884,0,2.32,1,2,1,3,1,9,1,1,0.18,2.24,0,0,7,2.595
634,80,0.925,5,7,1954,0.48,0.108,1.056,1.056,0,0,1.056,0,1,0,3,1,6,0,1,0.26,3.9,0,0,7,1.394
285,50,0.8012,6,5,1992,0.43,1.145,1.575,1.575,0,0,1.575,1,2,0,2,1,5,0,2,0.529,0,0,0.52,7,1.792
1193,60,0.96,5,8,1925,0,0.702,0.702,0.842,0.63,0,1.472,0,1,0,3,1,6,0,1,0.25,0,0,0.84,7,1.25
1264,60,1.3515,6,6,1919,0,0.764,0.764,1.06,0.764,0,1.824,0,1,0,3,1,8,1,2,0.52,0,0,1.26,7,1.805
717,60,1.08,7,8,1890,0,0.718,0.718,1.576,0.978,0,2.554,0,1,1,3,1,8,0,2,0.704,0,0.48,1.43,7,1.595
1346,50,0.6,4,4,1920,0.25,0.71,0.96,0.96,0,0,0.96,0,1,0,2,1,5,0,1,0.308,0,0,1.68,7,1.085
180,60,0.852,5,6,1923,0,0.968,0.968,0.968,0,0,0.968,0,1,0,2,1,5,0,2,0.48,0,0,1.84,7,1
1156,90,1.0768,5,8,1976,1.157,0.28,1.437,1.437,0,0,1.437,1,2,0,3,1,6,1,2,0.528,0,0.21,0,7,2.18
476,80,0.848,5,6,1963,0.63,0.34,0.97,0.97,0,0,0.97,1,1,0,2,1,5,0,2,0.624,0,0.24,0,7,1.325
290,60,0.873,6,7,1915,0,0.698,0.698,0.698,0.698,0,1.396,0,1,0,3,1,7,0,1,0.384,0,0,0,7,1.53575
619,90,1.1694,9,5,2007,0.048,1.774,1.822,1.828,0,0,1.828,0,2,0,3,1,9,1,3,0.774,0,1.08,0,7,3.14813
876,75,0.9,8,5,2007,0.064,1.12,1.184,1.184,1.426,0,2.61,0,2,1,4,1,11,1,2,0.55,2.08,3.64,0,8,3.03477
1404,49,1.5256,8,5,2007,0.929,0.556,1.485,1.464,0,0,1.464,1,2,0,3,1,6,0,3,0.754,1.68,1.6,0,8,2.82922
687,84,1.0207,7,6,2007,0,0.874,0.874,0.874,0.887,0,1.761,0,3,0,3,1,7,0,2,0.578,1.44,1.05,0,8,2.27875
850,80,0.96,6,7,1976,0,0.528,0.528,1.094,0.761,0,1.855,0,2,1,3,1,7,1,2,0.512,1.13,1,0,8,1.87
323,86,1.038,7,5,1986,0.028,0,1.502,1.553,1.177,0,2.73,1,2,1,4,1,8,1,2,0.576,2.01,0.96,0,8,3.01
358,44,0.4224,5,5,1976,0.874,0.268,1.142,1.142,0,0,1.142,1,1,1,3,1,6,1,2,0.528,5.36,0.9,0,8,1.34
632,34,0.459,8,5,2006,0.024,1.53,1.554,1.554,0,0,1.554,0,2,0,2,1,6,1,2,0.627,1.56,0.73,0,8,2.095
409,109,1.4154,7,5,2006,0,1.063,1.063,1.071,1.101,0,2.172,0,2,1,3,1,9,1,3,0.947,1.92,0.62,0,8,2.8
525,95,1.1787,7,5,1996,0.719,0.66,1.379,1.383,1.015,0,2.398,1,2,1,3,1,8,1,3,0.834,2.39,0.6,0,8,3.1575
7,75,1.0084,8,5,2004,1.369,0.317,1.686,1.694,0,0,1.694,1,2,0,3,1,7,1,2,0.636,2.55,0.57,0,8,3.07
475,41,0.533,8,5,2000,1.196,0.298,1.494,1.652,0,0,1.652,1,2,0,2,1,6,0,2,0.499,0.96,0.48,0,8,2.51
35,60,0.7313,9,5,2005,1.153,0.408,1.561,1.561,0,0,1.561,1,2,0,2,1,6,1,2,0.556,2.03,0.47,0,8,2.775
1456,62,0.7917,6,5,1999,0,0.953,0.953,0.953,0.694,0,1.647,0,2,1,3,1,7,1,2,0.46,0,0.4,0,8,1.75
1135,57,0.8773,6,5,1997,0,0.916,0.916,0.916,0.684,0,1.6,0,2,1,3,1,7,1,2,0.46,1,0.38,0,8,1.69
433,24,0.192,5,5,1971,0.471,0.294,0.765,0.765,0.6,0,1.365,1,1,1,2,1,6,0,2,0.44,2.4,0.36,0,8,1.225
14,91,1.0652,7,5,2006,0,1.494,1.494,1.494,0,0,1.494,0,2,0,3,1,7,1,3,0.84,1.6,0.33,0,8,2.795
416,73,0.8899,7,5,2007,0.024,1.316,1.34,1.34,0,0,1.34,0,2,0,3,1,6,0,2,0.396,1,0.3,0,8,1.81134
356,105,1.1249,6,5,1995,0.334,0.322,1.2,1.2,0,0,1.2,1,2,0,3,1,6,0,2,0.521,0,0.26,0,8,1.775
1051,73,0.8993,7,5,2007,0,1.302,1.302,1.302,0,0,1.302,0,2,0,3,1,6,0,2,0.436,0,0.22,0,8,1.76485
1388,60,0.852,6,7,1916,0.168,0,0.714,1.664,0.862,0,2.526,0,2,0,5,1,10,1,1,0.216,0.88,0.15,0,8,1.36
1433,60,1.08,4,6,1927,0,0.656,0.656,0.968,0,0,0.968,0,2,0,4,1,5,0,1,0.216,0,0,0,8,0.645
107,60,1.08,4,7,1885,0,0.641,0.641,1.047,0,0,1.047,0,1,0,2,1,6,0,1,0.273,0,0,0,8,1
332,70,0.8176,5,6,1958,0.846,0.21,1.056,1.056,0,0,1.056,1,1,0,3,1,6,0,1,0.308,0,0,0,8,1.39
956,82,0.7136,6,6,1946,0.484,0.495,0.979,0.979,0.979,0,1.958,0,2,0,4,2,8,0,2,0.492,0,0,0,8,1.45
914,82,0.627,5,6,1949,0.284,0.717,1.001,1.001,1.001,0,2.002,0,2,0,4,2,8,0,3,0.871,0,0,0,8,1.45
1130,60,0.72,5,5,1980,0.936,0,0.936,0.936,0,0,0.936,1,1,0,2,1,4,0,2,0.672,0.49,0,0,8,1.4
1013,55,1.0592,6,7,1923,0,0.602,0.602,0.9,0.602,0,1.502,0,1,1,3,1,7,2,1,0.18,0.96,0,1.12,8,1.65
853,53,0.7128,7,5,1941,0.364,0.554,0.918,0.918,0.728,0,1.646,0,2,0,4,1,7,2,1,0.24,0,0,0,8,1.64
249,72,1.1317,7,5,2003,0,0.84,0.84,0.84,0.828,0,1.668,0,2,1,3,1,8,0,2,0.5,1.44,0.68,0,9,1.8
1063,85,1.36,5,5,1900,0,0.662,0.662,1.422,0.915,0,2.337,0,2,0,5,2,10,0,2,0.56,0,0.57,0,9,0.9
429,64,0.6762,7,5,2007,0.664,0.544,1.208,1.208,0,0,1.208,1,2,0,2,1,6,0,2,0.628,1.05,0.54,0,9,1.954
1083,70,0.8749,7,5,2002,0,1.459,1.459,1.459,0,0,1.459,0,2,0,3,1,6,1,2,0.527,1.92,0.39,0,9,1.92
609,78,1.2168,8,6,1934,0.428,0.537,0.965,1.94,1.254,0,3.194,0,2,1,4,1,10,2,2,0.38,0,0,0,9,3.591
456,80,0.96,7,6,1973,0.916,0.326,1.242,1.242,0,0,1.242,0,1,1,3,1,6,1,2,0.528,0,0,0,9,1.755
629,70,1.1606,5,5,1969,0.65,0.39,1.04,1.04,1.04,0,2.08,0,1,2,5,1,9,2,2,0.504,3.35,0,0,9,1.35
177,97,1.0029,6,5,1988,0.831,0.32,1.151,1.164,0.896,0,2.06,0,2,1,4,1,8,1,2,0.521,0,2.28,0,9,2.11
197,79,0.9416,7,5,2007,1.126,0.6,1.726,1.726,0,0,1.726,1,2,0,3,1,8,1,3,0.786,1.71,1.38,0,9,3.11872
524,130,4.0094,10,5,2007,2.26,0.878,3.138,3.138,1.538,0,4.676,1,3,1,3,1,11,1,3,0.884,2.08,4.06,0,10,1.8475
66,76,0.9591,8,5,2004,0,1.143,1.143,1.143,1.33,0,2.473,0,2,1,4,1,9,1,3,0.852,1.92,1.51,0,10,3.17
63,44,0.6442,8,5,2006,0.024,1.346,1.37,1.37,0,0,1.37,0,2,0,2,1,6,1,2,0.484,1.2,0.49,0,10,2.025
959,65,0.845,7,5,2003,0.699,0.638,1.337,1.337,0,0,1.337,1,2,0,3,1,6,0,2,0.531,0,0.39,0,10,1.85
1315,60,0.819,4,6,1954,0.732,0.216,0.948,0.948,0,0,0.948,1,1,0,3,1,5,1,1,0.28,0,0.36,0,10,1.19
1052,103,1.1175,7,5,2007,0,1.316,1.316,1.316,0,0,1.316,0,2,0,3,1,6,1,2,0.44,0,0.2,0,10,2.00141
779,60,0.84,5,5,1977,0,0,0,2.02,0,0,2.02,0,2,0,4,2,10,2,2,0.63,0,0,0,10,1.44
689,60,0.8089,8,6,2007,0.945,0.474,1.419,1.419,0,0,1.419,1,2,0,2,1,7,1,2,0.567,1.4,0,0,10,3.92
254,85,0.935,6,7,1964,0.27,0.452,1.302,1.302,0,0,1.302,0,2,0,3,1,7,0,1,0.309,3.33,0,0,10,1.58
165,40,0.54,6,7,1926,0.37,0.779,1.149,1.149,0.467,0,1.616,0,2,0,3,1,5,0,1,0.216,0,0,1.83,10,1.52
113,77,0.9965,7,5,2007,0.984,0.28,1.264,1.282,1.414,0,2.696,1,2,1,4,1,10,1,3,0.792,1.2,1.84,0,10,3.8397
889,95,1.5865,8,6,1970,0.351,1.043,2.217,2.217,0,0,2.217,1,2,0,4,1,8,1,2,0.621,0.81,2.07,0,10,2.68
948,85,1.4536,8,5,2002,1.3,0.316,1.616,1.629,0,0,1.629,1,2,0,3,1,9,1,3,0.808,0,2.52,0,11,2.7
262,69,0.9588,8,5,2007,0,1.482,1.482,1.482,1.092,0,2.574,0,2,1,3,1,10,1,3,0.868,0,1.48,0,11,2.76
1015,60,1.1664,6,5,1948,0.336,0.746,1.082,1.082,0,0,1.082,0,1,0,2,1,5,1,1,0.24,0,1.3,0,11,1.192
168,86,1.0562,8,5,2007,1.288,0.294,1.582,1.61,0.551,0,2.161,1,1,1,3,1,8,1,3,0.789,1.78,1.2,0,11,3.25624
978,35,0.4274,7,5,2006,1.106,0.135,1.241,1.241,0,0,1.241,1,1,1,1,1,4,0,2,0.569,0,1.16,0,11,1.999
760,65,1.2257,8,5,1995,0.056,1.198,1.318,1.328,1.203,0,2.531,0,2,1,4,1,9,1,3,0.752,2.22,0.98,0,11,2.9
867,67,1.0656,8,5,2006,0,1.638,1.638,1.646,0,0,1.646,0,2,0,3,1,6,1,3,0.87,1.92,0.8,0,11,2.489
1445,63,0.85,7,5,2004,0,1.422,1.422,1.422,0,0,1.422,0,2,0,3,1,7,0,2,0.626,1.92,0.6,0,11,1.796
1128,182,1.4572,7,5,2004,1.3,0.23,1.53,1.53,0,0,1.53,1,2,0,3,1,7,1,3,0.63,1.44,0.36,0,11,2.59
399,60,0.8967,5,2,1920,0,0.961,0.961,1.077,0,0,1.077,0,1,0,2,1,6,0,1,0.338,0,0,0,11,0.67
418,86,2.242,6,6,1918,1.128,0.242,1.37,1.37,1.254,0,2.624,1,2,1,4,1,10,1,3,0.864,0,0,0,11,2.39
1116,93,1.2085,8,5,2007,1.004,0.73,1.734,1.734,0,0,1.734,1,2,0,3,1,7,1,3,0.928,0,0,0,11,3.18
851,36,0.4435,6,5,2003,0.659,0.189,0.848,0.848,0,0,0.848,1,1,0,1,1,3,0,2,0.42,1.4,0,0,11,1.315
1192,24,0.2645,8,5,1999,0,0.776,0.776,0.764,0.677,0,1.441,0,2,1,2,1,5,0,2,0.492,2.06,0,0,11,1.74
1275,53,0.5362,5,6,1910,0,0.661,0.661,0.661,0.589,0,1.25,0,2,0,3,1,8,1,2,0.552,2.42,0,0.81,11,1.39
1151,57,0.828,6,5,1950,0,0.932,0.932,0.932,0,0,0.932,0,1,0,2,1,4,1,1,0.306,0,0,2.14,11,1.24
1440,80,1.1584,7,6,1979,0.315,0.114,0.539,1.04,0.685,0,1.725,0,2,1,3,1,6,1,2,0.55,0,0.88,2.16,11,1.97
919,103,1.3125,7,5,1991,0.048,0.422,1.104,0.912,1.215,0,2.127,1,2,1,4,1,8,1,3,0.833,0.72,1.92,2.24,11,2.38
94,60,0.72,6,6,1910,1.046,0.168,1.214,1.26,1.031,0,2.291,0,2,0,4,2,9,1,2,0.506,0,0,0,11,1.339
1256,52,0.624,6,6,1931,0.425,0.459,0.884,0.959,0.408,0,1.367,0,1,0,3,1,6,1,1,0.56,0,0,0,11,1.275
472,92,1.1952,7,6,1977,0,0.808,0.808,1.161,0.808,0,1.969,0,2,1,3,1,8,1,2,0.534,0,0,0,11,1.9
239,93,1.203,8,5,2007,0,1.694,1.694,1.694,0,0,1.694,0,2,0,3,1,7,0,3,0.818,1.68,2.28,0,12,3.18
378,102,1.1143,8,5,2004,0,1.58,1.58,1.58,0.886,0,2.466,0,3,0,4,1,8,1,2,0.61,1.59,2.14,0,12,3.4
191,70,1.057,8,8,1932,0.297,0.556,0.853,1.549,1.178,0,2.727,0,2,1,3,1,10,2,2,0.44,0,0.74,0,12,3.15
1448,80,1,8,5,1995,1.079,0.141,1.22,1.22,0.87,0,2.09,1,2,1,3,1,8,1,2,0.556,0,0.65,0,12,2.4
743,65,0.845,7,5,2000,0,1.349,1.349,1.349,0,0,1.349,0,2,0,3,1,6,0,2,0.539,1.2,0.55,0,12,1.79
351,68,0.782,9,5,2007,0,1.869,1.869,1.869,0,0,1.869,0,2,0,2,1,6,1,2,0.617,2.1,0.54,0,12,3.18061
318,75,0.9,8,5,2006,0,1.088,1.088,1.088,0.871,0,1.959,0,2,1,3,1,8,1,3,1.025,2.08,0.46,0,12,2.7
1331,85,1,8,5,2006,0,1.588,1.588,1.588,0,0,1.588,0,2,0,3,1,7,1,3,0.825,1.44,0.45,0,12,2.27
1376,89,1.0991,8,5,2007,0,1.571,1.571,1.571,0,0,1.571,0,2,0,3,1,7,1,3,0.722,1,0.36,0,12,2.39
1240,64,0.9037,8,5,2006,0.428,1.048,1.476,1.484,0,0,1.484,0,2,0,2,1,6,1,2,0.472,1.2,0.33,0,12,2.659
575,70,1.05,5,7,1971,0.349,0.023,0.372,0.576,0.533,0,1.109,0,1,0,3,1,5,0,1,0.288,0.35,0,0,12,1.39
574,76,0.9967,7,5,2000,0,0.384,0.384,0.774,0.656,0,1.43,0,2,1,3,1,8,1,2,0.4,1,0,0,12,1.7
326,50,0.5,5,6,1941,0.116,0.604,0.72,0.803,0,0,0.803,0,1,0,2,1,5,0,2,0.36,0,0,2.44,12,0.87
602,50,0.9,6,6,1937,0,0.78,0.78,0.78,0.595,0,1.375,0,1,1,3,1,6,1,1,0.544,0,1.62,0,12,1.41
252,44,0.475,8,5,2006,1.573,0,1.573,1.625,0,0,1.625,1,2,0,2,1,5,1,2,0.538,1.23,0,0,12,2.35
1299,313,6.3887,10,5,2008,5.644,0.466,6.11,4.692,0.95,0,5.642,2,2,1,3,1,12,3,2,1.418,2.14,2.92,0,1,1.6
152,107,1.3891,8,5,2007,1.4,0.31,1.71,1.71,0,0,1.71,1,2,0,2,1,6,1,3,0.866,0,1.02,0,1,3.72402
886,50,0.5119,9,5,1999,1.238,0.46,1.698,1.709,0,0,1.709,1,2,0,2,1,5,1,2,0.506,0.97,0.65,0,1,3.289
33,85,1.1049,8,5,2007,0,1.234,1.234,1.234,0,0,1.234,0,2,0,3,1,7,0,2,0.484,0,0.3,0,1,1.799
1227,86,1.4598,6,5,2007,0,0.894,0.894,0.894,1.039,0,1.933,0,2,1,4,1,9,1,3,0.668,1,0.18,0,1,2.14
10,50,0.742,5,6,1939,0.851,0.14,0.991,1.077,0,0,1.077,1,1,0,2,2,5,2,1,0.205,0,0.04,0,1,1.18
78,50,0.8635,5,5,1948,0.336,0.295,0.672,1.072,0.213,0,1.285,1,1,0,2,1,6,0,1,0.24,0,0,0,1,1.27
1164,60,1.29,4,4,1969,1.198,0,1.198,1.258,0,0,1.258,2,0,2,0,2,6,0,2,0.4,1.2,0,0,1,1.08959
60,60,0.72,5,7,1972,0.632,0.148,0.78,0.78,0,0,0.78,0,1,0,2,1,4,0,1,0.352,1.96,0,0,1,1.249
1406,44,0.3842,8,5,2004,1.373,0.221,1.594,1.646,0,0,1.646,1,2,0,2,1,5,1,2,0.482,1.28,0.53,0,1,2.75
502,75,0.9803,7,5,2005,0.4,0.466,0.866,0.866,0.902,0,1.768,0,2,1,3,1,7,0,2,0.603,0,1.08,0,2,2.267
579,34,0.3604,7,5,2007,0,0.689,0.689,0.703,0.689,0,1.392,0,2,0,2,1,5,0,2,0.54,0,1.02,0,2,1.46
202,75,1.0125,6,6,1977,0.641,0.276,1.196,1.279,0,0,1.279,0,2,0,3,1,6,2,2,0.473,2.38,0.83,0,2,1.715
1225,60,1.5384,7,5,2004,0.724,0.064,0.788,0.788,0.702,0,1.49,1,2,1,3,1,8,1,2,0.388,1,0.75,0,2,1.84
1,65,0.845,7,5,2003,0.706,0.15,0.856,0.856,0.854,0,1.71,1,2,1,3,1,8,0,2,0.548,0,0.61,0,2,2.085
269,71,0.69,5,6,1940,0.403,0.212,0.74,0.778,0,0,0.778,0,1,0,2,1,4,1,1,0.924,0,0.25,0,2,1.205
11,70,1.12,5,5,1965,0.906,0.134,1.04,1.04,0,0,1.04,1,1,0,3,1,5,0,1,0.384,0,0,0,2,1.295
423,100,2.175,5,5,1954,0,0.988,0.988,0.988,0,0,0.988,0,1,0,2,1,4,0,2,0.52,0,0,0,2,1.13
1048,57,0.9245,5,5,1994,0.686,0.304,0.99,0.99,0,0,0.99,0,1,0,3,1,5,0,2,0.672,0,0,0,2,1.45
658,60,0.72,7,6,1931,0,0.776,0.776,0.851,0.651,0,1.502,0,1,1,3,1,6,1,1,0.27,0,0,1.12,2,1.49
1279,75,0.9473,8,5,2002,0.804,0.324,1.128,1.128,0.903,0,2.031,1,2,1,3,1,7,1,2,0.577,0,2.11,0,3,2.37
280,83,1.0005,7,5,1977,0.392,0.768,1.16,1.156,0.866,0,2.022,0,2,1,4,1,8,1,2,0.505,2.88,1.17,0,3,1.92
124,55,0.7892,6,5,1993,0.3,0.899,1.199,1.199,0,0,1.199,0,2,0,2,1,5,0,2,0.53,0,0.63,0,3,1.539
1173,35,0.4017,7,5,2006,0,0.625,0.625,0.625,0.625,0,1.25,0,2,1,2,1,5,0,2,0.625,0,0.54,0,3,1.719
1092,24,0.216,7,5,1999,0.51,0.09,0.6,0.624,0.628,0,1.252,1,2,1,2,1,4,0,2,0.462,0,0.48,0,3,1.6
983,43,0.3182,7,5,2007,0,1.266,1.266,1.266,0,0,1.266,0,2,0,2,1,6,1,2,0.388,1,0.16,0,3,1.59895
407,51,1.048,6,5,1936,0,1.064,1.064,1.166,0,473,1.639,0,1,0,3,1,6,0,1,0.24,0,0,0,3,1.15
353,60,0.9084,5,6,1941,0.236,0,0.616,0.616,0.495,0,1.111,0,1,0,3,1,5,0,1,0.2,0.48,0,0,3,0.95
1423,37,0.4435,6,5,2003,0.686,0.162,0.848,0.848,0,0,0.848,1,1,0,1,1,3,0,2,0.42,1.4,0,0,3,1.365
162,110,1.3688,9,5,2003,1.016,0.556,1.572,1.572,1.096,0,2.668,1,2,1,3,1,10,2,3,0.726,4,0,0,3,4.125
408,63,1.5576,6,7,1915,0,0.84,0.84,0.84,0.84,0,1.68,0,2,0,4,1,8,0,1,0.308,0,0,1.6,3,1.77
1352,70,0.9247,6,6,1962,0.319,0.539,0.858,0.858,0.858,0,1.716,0,1,1,4,1,8,1,2,0.49,0,0.84,0,3,1.71
1377,52,0.6292,6,5,1930,0.384,0.384,0.768,0.79,0,0,0.79,0,1,0,2,1,4,0,1,0.16,0,1.41,0,4,0.91
641,62,1.2677,8,5,2003,1.218,0.3,1.518,1.518,0,0,1.518,0,1,1,1,1,6,1,2,0.588,1.85,1.4,0,4,2.74
410,85,1.08,8,5,2007,0.789,0.245,1.034,1.05,1.028,0,2.078,1,2,1,3,1,8,1,3,0.836,0,1.02,0,4,3.3975
217,65,0.845,7,5,2004,0.946,0.49,1.436,1.436,0,0,1.436,1,2,0,3,1,8,0,2,0.484,1.39,0.98,0,4,2.1
1402,62,0.7415,6,5,2004,0.759,0.08,0.839,0.864,0.729,0,1.593,1,2,1,3,1,8,1,2,0.398,1,0.75,0,4,1.93
1028,71,0.952,8,5,2007,1.513,0.125,1.638,1.646,0,0,1.646,1,2,0,3,1,7,1,3,0.8,1.92,0.44,0,4,2.93077
477,75,1.3125,6,5,1997,0.994,0.484,1.478,1.493,0,0,1.493,1,2,0,3,1,7,1,2,0.508,1.4,0.39,0,4,2.089
798,57,0.7677,5,5,1953,0.57,0.203,0.773,0.773,0,0,0.773,0,1,0,2,1,4,0,1,0.24,0,0,0,4,1.1
108,50,0.6,5,5,1948,0.104,0.516,0.789,0.789,0,0,0.789,0,1,0,2,1,5,0,1,0.25,0,0,0,4,1.15
595,88,0.799,5,6,1975,0,0.924,0.924,0.924,0,0,0.924,0,1,0,3,1,5,0,1,0.28,0,0,0,4,1.1
1428,60,1.093,5,6,1945,0.58,0.333,0.913,1.048,0.51,0,1.558,1,1,1,3,1,6,1,1,0.288,0,0,0,4,1.4
272,73,3.9104,7,7,1954,0.226,0.096,1.385,1.363,0,0,1.363,1,1,0,2,1,5,2,2,0.439,0.81,0,0,4,2.415
1137,80,0.96,6,5,1950,0.28,0.752,1.032,1.032,0.22,0,1.252,0,1,0,3,1,6,0,1,0.288,0,0,0.96,4,1.19
391,50,0.8405,5,8,1900,0.241,0.229,0.861,0.961,0.406,0,1.367,1,1,0,4,1,7,0,1,0.384,0,1.3,1.12,4,1.19
664,90,1.0012,4,5,1972,0.92,0.038,1.138,1.181,0,0,1.181,1,2,0,3,1,6,0,2,0.588,0,0,1.8,4,1.375
9,51,0.612,7,5,1931,0,0.952,0.952,1.022,0.752,0,1.774,0,2,0,2,2,8,2,2,0.468,0.9,0,2.05,4,1.299
1394,60,1.08,6,7,1905,0,0.482,0.482,1.221,0.691,0,1.912,0,2,0,3,2,7,1,2,0.672,0,0.25,2.12,4,1.63
1249,60,0.96,6,5,1917,0.319,0.416,0.735,1.134,0.924,0,2.058,0,1,1,3,1,8,1,2,0.396,0,0,2.59,4,1.295
888,59,1.6466,5,7,1955,0,0.816,0.816,0.872,0.521,0,1.393,0,1,1,3,1,8,0,1,0.3,1.21,0,0,4,1.355
259,80,1.2435,7,5,2001,0.361,0.602,0.963,0.963,0.829,0,1.792,0,2,1,3,1,7,1,2,0.564,0,0.96,0,5,2.315
865,72,0.864,7,5,2007,0,1.372,1.372,1.372,0,0,1.372,0,2,0,3,1,6,0,2,0.529,0,1.4,0,5,2.5058
843,82,0.902,6,7,1966,0.312,0.276,1.127,1.165,0,0,1.165,1,1,1,3,1,6,0,2,0.49,0,1.29,0,5,1.749
1044,86,1.1839,7,5,1990,1.085,0.39,1.475,1.532,0.797,0,2.329,1,2,1,4,1,10,1,2,0.514,1.92,1.21,0,5,2.6228
257,64,0.8791,6,5,2003,0.503,0.361,0.864,0.864,0.864,0,1.728,0,2,1,3,1,7,0,2,0.673,2.16,0.56,0,5,2.075
425,72,0.9,6,5,1956,0.616,0.58,1.196,1.196,0,0,1.196,1,1,0,2,1,6,1,1,0.297,0,0.44,0,5,1.39
1309,100,1.2,5,7,1948,0.144,0.172,0.924,1.122,0,0,1.122,1,1,0,2,1,6,0,2,0.528,0,0.36,0,5,1.47
327,32,1.0846,8,5,1993,1.619,0.1,1.719,1.719,0,0,1.719,2,1,1,1,1,6,2,2,0.473,1.22,0.3,0,5,3.24
1024,43,0.3182,7,5,2005,0.016,1.33,1.346,1.504,0,0,1.504,0,2,0,2,1,7,1,2,0.437,1.56,0.2,0,5,1.91
840,70,1.1767,5,6,1946,0.352,0.416,0.768,0.768,0.432,0,1.2,0,1,0,3,1,6,0,1,0.24,0,0,0,5,1.305
195,60,0.718,5,7,1972,0.39,0.474,0.864,0.864,0,0,0.864,0,1,0,3,1,5,0,1,0.352,0,0,0,5,1.27
1118,57,0.9764,5,7,1967,0.702,0.192,0.894,0.894,0,0,0.894,1,1,0,3,1,5,0,2,0.45,0,0,0,5,1.3
1434,93,1.0261,6,5,2000,0,0.936,0.936,0.962,0.83,0,1.792,1,2,1,3,1,8,1,2,0.451,0,0,0,5,1.865
651,65,0.8125,7,6,2007,0,0.813,0.813,0.822,0.843,0,1.665,0,2,1,3,1,7,0,2,0.562,0,0,0,5,2.0595
136,80,1.04,7,6,1970,0,1.304,1.304,1.682,0,0,1.682,0,2,0,3,1,7,1,2,0.53,0.98,0,0,5,1.74
1380,73,0.9735,5,5,2006,0,0.384,0.384,0.754,0.64,0,1.394,0,2,1,3,1,7,0,2,0.4,1,0,0,5,1.675
742,65,0.6768,6,8,1961,0.832,0.08,0.912,0.912,0,0,0.912,1,1,0,3,1,5,0,1,0.288,1.68,0,0,5,1.42
305,87,1.8386,7,9,1880,0,1.47,1.47,1.675,1.818,0,3.493,0,3,0,3,1,10,1,3,0.87,3.02,0,0,5,2.95
30,60,0.6324,4,6,1927,0,0.52,0.52,0.52,0,0,0.52,0,1,0,1,1,4,0,1,0.24,0.49,0,0.87,5,0.685
457,34,0.4571,5,5,1916,0,0.624,0.624,0.624,0.72,0,1.344,0,1,0,4,1,7,0,3,0.513,0,0,0.96,5,0.98
587,55,1.0267,6,7,1918,0.21,0,0.816,0.838,0,0,0.838,1,1,0,2,1,5,0,1,0.275,0,0,1.12,5,1.3
801,79,1.2798,6,5,1997,0.462,0.154,0.616,0.616,1.072,0,1.688,1,2,1,4,1,8,0,2,0.603,4.03,1.14,1.85,5,2
1361,51,0.9842,5,6,1921,0,0.612,0.612,0.99,1.611,0,2.601,0,3,1,4,1,8,0,2,0.621,1.83,0,3.01,5,1.89
724,60,0.8172,4,6,1954,0,0.941,0.941,0.997,0.473,0,1.47,0,2,0,4,1,7,0,1,0.548,0,0,0,5,1.35
1274,124,1.1512,6,7,1959,0.719,0.3,1.019,1.357,0,0,1.357,1,1,0,2,1,5,1,1,0.312,0,0,0,5,1.77
1056,104,1.1361,6,5,1976,0.644,0.549,1.193,1.523,0,0,1.523,0,2,0,3,1,7,1,2,0.478,0,0,0,5,1.8
920,87,1.1029,6,8,1958,0.528,0.245,1.184,1.414,0,0,1.414,1,1,0,3,1,6,1,2,0.601,0,0.51,0,5,1.765
622,90,1.08,6,7,1974,0.956,0.384,1.522,1.548,1.066,0,2.614,0,2,1,4,1,9,1,2,0.624,0.38,2.43,0,6,2.4
184,63,1.1426,7,5,2003,0,1.362,1.362,1.362,0.72,0,2.082,0,2,1,3,1,6,0,2,0.484,2.8,2.38,0,6,2
19,66,1.3695,5,5,2004,0.646,0.468,1.114,1.114,0,0,1.114,1,1,1,3,1,6,0,2,0.576,0,1.02,0,6,1.59
498,60,0.912,7,6,1925,0.329,0.697,1.026,1.133,0.687,0,1.82,1,2,0,4,1,8,0,1,0.24,0,1,0,6,1.84
1367,68,0.9179,7,5,1999,0.633,0.24,0.873,0.882,0.908,0,1.79,1,2,1,3,1,7,0,2,0.588,0,0.88,0,6,1.93
470,76,0.9291,6,5,1993,0.426,0.406,0.832,0.832,0.878,0,1.71,0,2,1,3,1,7,0,2,0.506,1.44,0.7,0,6,1.87
1460,75,0.9937,5,6,1965,0.83,0.136,1.256,1.256,0,0,1.256,1,1,1,3,1,6,0,1,0.276,7.36,0.68,0,6,1.475
424,80,0.92,8,5,1998,0.986,0.484,1.47,1.47,1.16,0,2.63,1,2,1,4,1,8,1,3,0.696,0,0.66,0,6,3.15
1021,60,0.7024,4,5,2005,1.024,0.108,1.132,1.132,0,0,1.132,1,1,1,2,1,5,0,2,0.451,2.52,0.64,0,6,1.76
549,49,0.8235,5,7,1955,0.18,0,0.825,0.825,0,0,0.825,1,1,0,2,1,4,0,2,0.72,1.4,0.5,0,6,1.25
821,72,0.7226,7,5,2003,0,0.798,0.798,0.798,0.842,0,1.64,0,2,1,3,1,6,0,2,0.595,0,0.45,0,6,1.83
826,114,1.4803,10,5,2007,1.636,0.442,2.078,2.084,0,0,2.084,1,2,0,2,1,7,1,3,1.22,1.88,0.45,0,6,3.85
567,77,1.1198,9,5,2005,0,1.122,1.122,1.134,1.37,0,2.504,0,2,1,4,1,11,1,3,0.656,1.44,0.39,0,6,3.25
473,35,0.3675,6,5,2005,0.459,0.088,0.547,1.072,0,0,1.072,1,1,0,2,1,5,0,2,0.525,0,0.28,0,6,1.48
1159,92,1.1932,8,5,2007,0,1.58,1.58,1.58,0,0,1.58,0,2,0,3,1,7,0,3,0.83,0,0.24,0,6,2.35128
174,80,1.0197,6,5,1961,0.288,0.7,1.362,1.362,0,0,1.362,1,1,1,3,1,6,1,2,0.504,0,0.2,0,6,1.63
552,50,0.6,5,6,1957,0.308,0.62,0.928,0.928,0,0,0.928,0,1,0,3,1,5,0,1,0.288,0,0,0,6,1.125
494,70,0.7931,5,6,1960,0.374,0.363,1.269,1.269,0,0,1.269,0,1,1,3,1,6,1,1,0.308,0,0,0,6,1.55
443,52,0.624,5,7,1930,0,1.078,1.078,1.128,0.445,0,1.573,0,2,0,3,1,8,1,2,0.36,0,0,0,6,1.629
265,30,0.5232,5,5,1925,0,0.68,0.68,0.764,0,0,0.764,0,1,0,2,1,4,0,2,0.504,0,0,0,6,0.73
618,59,0.7227,6,6,1954,0,0.832,0.832,0.832,0,0,0.832,0,1,0,2,1,4,0,2,0.528,0,0,0,6,1.055
593,60,0.66,5,8,1982,0.816,0,0.816,0.816,0,0,0.816,1,1,0,2,1,4,0,2,0.816,0,0,0,6,1.38
1141,60,0.735,5,7,1951,0.852,0.1,0.952,0.952,0,0,0.952,1,1,0,2,1,4,0,2,0.84,0,0,0,6,1.39
630,82,0.902,6,5,1964,0.624,0.288,1.248,1.35,0,0,1.35,1,1,1,3,1,6,0,2,0.52,1.76,0,0,6,1.685
266,78,1.209,6,6,1981,0.588,0.606,1.422,1.422,0,0,1.422,0,2,0,3,1,7,1,2,0.576,2.76,0,0,6,1.755
839,75,0.9525,5,6,1995,0,1.099,1.099,1.099,0,0,1.099,0,1,1,3,1,6,0,1,0.352,2.78,0,0,6,1.44
1316,85,1.1075,6,5,1969,0.5,0.176,0.952,1.092,1.02,0,2.112,0,2,1,4,1,9,2,2,0.576,2.8,0,0,6,2.069
842,60,1.044,5,8,1904,0,0.65,0.65,0.958,0.581,0,1.539,0,2,0,3,1,8,1,2,0.686,0.7,0.78,0.68,6,1.575
532,60,0.6155,6,8,1920,0,0.611,0.611,0.751,0.611,0,1.362,0,2,0,3,1,6,0,2,0.502,0,0,0.84,6,1.28
1093,60,0.84,6,5,1925,0.423,0.758,1.181,1.39,0.304,0,1.694,0,2,0,4,1,7,1,2,0.576,3.42,0,1.28,6,1.365
845,100,1.2665,5,8,1915,0,0.876,0.876,0.876,0.54,0,1.416,0,1,1,4,1,7,1,3,0.72,4.18,0,1.94,6,1.539
654,60,1.032,6,7,1906,0,0.756,0.756,0.756,0.713,0,1.469,0,1,0,3,1,7,0,1,0.216,0.57,0,2.39,6,1.35
123,75,0.9464,6,7,1958,0.57,0.51,1.08,1.08,0,0,1.08,0,1,0,3,1,5,0,1,0.288,0,0,0,6,1.36
1068,80,0.976,6,6,1964,0.674,0,0.78,0.798,0.813,0,1.611,1,1,1,4,1,7,0,2,0.442,3.28,1.28,0,6,1.679
831,80,1.19,6,5,1957,1.04,0.352,1.392,1.392,0,0,1.392,1,1,1,3,1,6,2,2,0.458,0,0,0,6,1.66
1415,64,1.3053,6,7,1923,0,0.833,0.833,1.053,0.795,0,1.848,0,1,1,4,1,8,1,2,0.37,0,0,0,6,2.07
648,85,1.0452,6,5,1953,0.5,0.594,1.094,1.094,0,0,1.094,0,1,0,3,1,5,2,2,0.495,0,0,0,6,1.55
1329,60,1.044,6,7,1920,0.493,1.017,1.51,1.584,1.208,0,2.792,0,2,0,5,1,8,2,2,0.52,0,5.47,0,6,2.56
1171,76,0.988,6,6,1977,0.522,0.574,1.096,1.118,0,0,1.118,1,1,0,3,1,6,1,1,0.358,2.03,0,0,7,1.71
56,100,1.0175,6,5,1964,0.49,0.935,1.425,1.425,0,0,1.425,0,2,0,3,1,7,1,2,0.576,0,0,0,7,1.805
584,75,1.35,10,9,1893,0,1.237,1.237,1.521,1.254,0,2.775,0,3,1,3,1,9,1,2,0.88,1.05,5.02,0,7,3.25
1375,85,1.0625,7,5,2005,0,1.026,1.026,1.026,0.932,0,1.958,0,2,1,3,1,9,1,3,0.936,1.54,2.1,0,7,2.5
700,59,0.4282,7,5,2004,0.016,1.375,1.391,1.391,0,0,1.391,0,2,0,2,1,5,0,2,0.53,1.56,1.58,0,7,1.96
537,57,0.8924,7,5,1998,0,0.88,0.88,0.88,0.844,0,1.724,0,2,1,3,1,8,0,2,0.527,1.2,1.55,0,7,1.88
445,70,0.875,7,5,1994,0.642,0.273,0.915,0.933,0.975,0,1.908,1,2,1,4,1,8,1,2,0.493,1.44,1.33,0,7,2.1
1255,60,0.6931,7,5,2003,0,0.746,0.746,0.76,0.896,0,1.656,0,2,1,3,1,7,1,2,0.397,1.78,1.28,0,7,1.654
1003,75,1.1957,8,5,2006,0.024,1.55,1.574,1.574,0,0,1.574,0,2,0,3,1,7,1,3,0.824,1.44,1.04,0,7,2.32
733,75,1.1404,7,5,1998,0.252,0.901,1.153,1.153,0.878,0,2.031,0,2,1,3,1,8,1,2,0.541,1.92,0.84,0,7,2.225
1342,66,1.3695,6,5,2003,0.814,0.3,1.114,1.114,0,0,1.114,1,1,0,3,1,6,0,2,0.576,0,0.78,0,7,1.55
344,63,0.8849,9,5,2005,0.028,1.656,1.684,1.684,0,0,1.684,0,2,0,2,1,6,1,2,0.564,4.95,0.72,0,7,2.66
924,50,0.8012,6,5,1993,0.165,0.598,1.604,1.617,0,0,1.617,1,2,0,2,1,5,1,2,0.533,0,0.69,0,7,1.93
1160,76,0.912,6,6,1974,0.442,0.459,0.901,0.943,0.933,0,1.876,0,2,1,4,1,8,1,2,0.54,0,0.69,0,7,1.85
1241,65,0.8158,7,5,2003,0.55,0.334,0.884,0.884,0.884,0,1.768,1,2,1,3,1,8,0,2,0.543,0,0.63,0,7,2.249
806,91,1.2274,7,5,2008,0,1.417,1.417,1.428,0,0,1.428,0,2,0,3,1,6,0,2,0.554,0,0.6,0,7,2.2768
372,80,1.712,4,4,1959,0,0,0,1.12,0.468,0,1.588,0,2,0,4,1,7,1,2,0.68,0,0.59,0,7,1.34432
335,59,0.9042,6,5,1998,0.828,0.115,0.943,0.943,0.695,0,1.638,1,2,1,3,1,7,2,2,0.472,1,0.38,0,7,1.92
1436,80,0.84,6,9,1962,0,1.319,1.319,1.537,0,0,1.537,1,1,1,3,1,7,1,2,0.462,0,0.36,0,7,1.74
434,100,1.0839,6,5,1997,0,0.926,0.926,0.926,0.678,0,1.604,0,2,1,3,1,7,1,2,0.47,0,0.36,0,7,1.81
334,59,0.8198,7,5,2004,0.72,0.638,1.358,1.358,0,0,1.358,1,2,0,2,1,6,1,2,0.484,1.92,0.3,0,7,2.07
647,60,0.72,5,5,1950,0,0,0,1.048,0,0,1.048,0,1,0,3,1,7,0,2,0.42,0,0.27,0,7,0.983
389,93,0.9382,7,5,1999,0,1.468,1.468,1.479,0,0,1.479,0,2,0,3,1,6,0,2,0.577,1.2,0.25,0,7,1.91
1196,51,0.8029,6,5,2005,0,0.728,0.728,0.728,0.728,0,1.456,0,2,1,3,1,8,0,2,0.4,1,0.24,0,7,1.76
268,60,0.84,5,8,1939,0.378,0.342,0.72,1.052,0.72,420,2.192,0,2,1,4,1,8,1,1,0.24,2.62,0.24,0,7,1.795
431,21,0.168,6,5,1971,0.387,0.096,0.483,0.483,0.504,0,0.987,0,1,1,2,1,4,0,1,0.264,0,0,0,7,0.854
428,77,0.8593,4,6,1957,0.288,0.619,0.907,0.907,0,0,0.907,0,1,0,3,1,5,0,1,0.352,0,0,0,7,1.09008
210,75,0.825,6,7,1964,0.787,0.305,1.092,1.092,0,0,1.092,1,1,0,3,1,6,0,2,0.504,0,0,0,7,1.45
600,24,0.195,6,6,1980,0.081,0.023,0.716,0.716,0.84,0,1.556,1,2,1,3,1,6,1,2,0.452,1.61,0,0,7,1.51
1259,59,0.9587,7,5,2005,0.655,0.201,0.856,1.166,0,0,1.166,1,2,0,2,1,5,0,2,0.4,2.12,0,0,7,1.9
675,80,0.92,6,6,1965,0.892,0.244,1.136,1.136,0,0,1.136,1,1,0,3,1,5,1,1,0.384,4.26,0,0,7,1.4
1401,50,0.6,6,7,1929,0,0.862,0.862,0.95,0.208,0,1.158,0,1,0,3,1,5,1,1,0.208,0,0,1.12,7,1.2
768,75,1.2508,6,7,1940,0.66,0.323,0.983,0.983,0.767,0,1.75,1,2,0,4,1,7,0,1,0.423,2.45,0,1.56,7,1.6
31,50,0.85,4,4,1920,0,0.649,0.649,0.649,0.668,0,1.317,0,1,0,3,1,6,0,1,0.25,0,0.54,1.72,7,0.4
1260,65,0.975,6,8,1969,0.602,0.014,1.054,1.054,0,0,1.054,1,1,1,3,1,6,0,2,0.46,1.8,0,0,7,1.51
1169,120,1.3728,6,7,1935,0.626,0.501,1.127,1.236,0.872,0,2.108,0,2,0,4,1,7,2,2,0.54,0,0,0,7,2.35
564,66,2.178,6,7,1918,0,1.163,1.163,1.163,0.511,0,1.674,0,2,0,4,1,8,1,2,0.396,0.72,0.36,0,7,1.85
766,75,1.4587,9,5,2008,0,1.498,1.498,1.506,0,0,1.506,0,2,0,2,1,6,1,2,0.592,0,1.74,0,8,2.64132
390,96,1.2474,10,5,2007,1.28,0.402,1.682,1.742,0.59,0,2.332,1,2,1,3,1,9,1,3,0.846,1.96,1.34,0,8,4.26
1427,81,1.0944,7,5,1994,1,0.223,1.223,1.223,0.904,0,2.127,1,2,1,3,1,5,2,2,0.525,1.71,1.32,0,8,2.71
1419,71,0.9204,5,5,1963,0.025,0.247,1.144,1.144,0,0,1.144,1,1,1,3,1,6,0,1,0.336,0,0.88,0,8,1.24
1265,34,0.406,6,5,1998,0.266,1.139,1.405,1.337,0,0,1.337,1,2,0,2,1,5,0,2,0.511,1.44,0.68,0,8,1.81
1222,55,0.825,5,5,1968,0.25,0.21,0.952,1.211,0,0,1.211,0,1,0,3,1,5,1,1,0.322,0,0.63,0,8,1.34
555,85,1.0625,7,5,2003,0.866,0.132,0.998,1.006,1.04,0,2.046,1,2,1,3,1,8,1,3,0.871,3.2,0.62,0,8,2.84
986,68,1.088,5,5,1950,1.04,0.124,1.164,1.164,0,0,1.164,1,1,0,3,1,5,0,1,0.24,0,0.48,0,8,1.25
655,91,1.0437,8,6,1995,1.696,0.413,2.109,2.113,0,0,2.113,1,2,1,2,1,7,1,3,0.839,2.36,0.46,0,8,3.5
106,75,0.9375,8,5,2003,0,1.053,1.053,1.053,0.939,0,1.992,0,2,1,3,1,9,1,2,0.648,1.4,0.45,0,8,2.5
1257,91,1.4303,8,5,1994,1.314,0.672,1.986,1.987,0,0,1.987,1,2,0,2,1,7,1,2,0.691,2.62,0.36,0,8,3.015
559,57,2.1872,7,5,1996,0.604,0.125,0.729,0.729,0.717,0,1.446,0,2,1,3,1,6,1,2,0.406,2.64,0.22,0,8,1.75
1062,120,1.8,3,4,1935,0,0.894,0.894,0.894,0,0,0.894,0,1,0,2,1,6,0,3,1.248,0,0.2,0,8,0.81
464,74,1.1988,6,7,1934,0.326,0.389,0.715,0.849,0.811,0,1.66,0,1,1,3,1,6,1,1,0.24,0,0,0,8,1.887
236,21,0.168,6,3,1971,0.358,0.125,0.483,0.483,0.504,0,0.987,0,1,1,2,1,5,0,1,0.264,0,0,0,8,0.895
789,50,0.6,4,7,1954,0,0.901,0.901,0.901,0,0,0.901,0,1,0,2,1,4,0,1,0.281,0,0,0,8,1.079
590,50,0.91,5,6,1930,0,0.742,0.742,0.779,0,156,0.935,0,1,0,2,1,4,0,1,0.308,0,0,0,8,0.795
657,72,1.0007,5,7,1959,0.806,0.247,1.053,1.053,0,0,1.053,1,1,1,3,1,5,0,1,0.312,0,0,0,8,1.455
1230,70,0.791,5,5,1960,0.666,0.409,1.075,1.507,0,0,1.507,0,2,0,4,1,7,0,1,0.404,0,0,0,8,1.27
759,24,0.228,7,5,1999,0.549,0.195,0.744,0.757,0.744,0,1.501,0,2,1,3,1,6,0,2,0.44,0,0,0,8,1.794
403,60,1.02,5,8,1940,0,0.672,0.672,0.672,0,0,0.672,0,1,0,2,1,4,0,1,0.24,1.68,0,0,8,1.08
620,85,1.2244,8,5,2003,0.871,0.611,1.482,1.482,0.78,0,2.262,1,2,1,4,1,10,2,3,0.749,1.68,0,0,8,3.05
531,85,1.02,6,5,1988,0.783,0.678,1.461,1.509,0,0,1.509,1,2,0,3,1,5,1,2,0.6,2.24,0,0,8,1.75
1011,115,2.1286,5,5,1948,0,0.72,0.72,0.72,0.551,0,1.271,0,2,0,4,1,7,1,1,0.312,0,0,1.08,8,1.35
719,96,1.0542,7,5,1993,1.173,0.138,1.311,1.325,1.093,0,2.418,1,2,1,3,1,9,1,3,0.983,2.5,1.54,2.16,8,3.41
190,41,0.4923,8,5,2001,1.153,0.44,1.593,1.593,0,0,1.593,1,1,1,0,1,5,1,2,0.682,0,1.2,0,8,2.86
23,75,0.9742,8,5,2002,0,1.777,1.777,1.795,0,0,1.795,0,2,0,3,1,7,1,2,0.534,1.71,1.59,0,9,2.3
1112,80,1.048,7,6,1976,0.403,0.4,0.803,1.098,0.866,0,1.964,0,2,1,4,1,8,1,2,0.483,0,0.69,0,9,2.05
591,64,0.832,7,5,2004,0.49,0.28,0.77,0.77,0.812,0,1.582,0,2,1,3,1,6,0,2,0.52,0,0.45,0,9,1.859
3,68,1.125,7,5,2001,0.486,0.434,0.92,0.92,0.866,0,1.786,1,2,1,3,1,6,1,2,0.608,0,0.42,0,9,2.235
605,88,1.2803,7,5,2002,0.922,0.572,1.494,1.494,0,0,1.494,1,2,0,3,1,6,1,2,0.53,1.92,0.36,0,9,2.21
228,21,0.1869,6,6,1970,0.321,0.162,0.483,0.483,0.504,0,0.987,0,1,1,2,1,5,0,1,0.28,0,0,0,9,1.06
835,75,0.7875,5,6,1961,0.572,0.572,1.144,1.144,0,0,1.144,1,1,0,3,1,6,0,2,0.456,0,0,0,9,1.3995
1441,79,1.1526,6,7,1922,0,0.588,0.588,1.423,0.748,384,2.555,0,2,0,3,1,11,1,2,0.672,4.31,0,0,9,1.91
849,75,4.56,6,8,1908,0,0.907,0.907,1.307,1.051,0,2.358,0,3,0,5,1,10,1,2,0.36,4.86,0.4,0,9,2.4
1081,80,1.104,6,7,1971,0.656,0.602,1.258,1.258,0,0,1.258,0,2,0,3,1,5,0,2,0.528,0.55,0,0,10,1.45
745,41,0.5395,8,5,1993,0.733,0.604,1.337,1.337,0,0,1.337,1,2,0,2,1,5,1,2,0.462,0.96,0,0.7,10,1.8
1157,85,0.935,5,8,1965,0.633,0.586,1.219,1.265,0,0,1.265,0,2,0,3,1,6,1,2,0.502,0,0.92,0,10,1.799
713,40,0.4671,8,5,1988,0.767,0.461,1.228,1.228,0,0,1.228,1,2,0,2,1,5,1,2,0.472,1.68,1.2,0,10,1.89
83,78,1.0206,8,5,2007,0.033,1.53,1.563,1.563,0,0,1.563,0,2,0,3,1,6,1,3,0.758,1.44,0.99,0,10,2.45
896,71,0.7056,6,5,1963,0.4,0.38,0.78,0.983,0.813,0,1.796,1,1,1,4,1,8,1,2,0.483,0,0.5,0,10,1.4
668,65,0.8125,6,5,1994,1.138,0.27,1.408,1.679,0,0,1.679,1,2,0,3,1,7,1,2,0.575,2.24,0.42,0,10,1.935
1426,80,1.0721,6,6,1959,0,1.252,1.252,1.252,0,0,1.252,0,1,0,3,1,7,0,2,0.528,0,0.39,0,10,1.42
349,36,0.2448,7,5,2003,0.573,0.191,0.764,0.764,0.862,0,1.626,1,2,1,2,1,6,0,2,0.474,0,0.27,0,10,1.54
803,63,0.8199,7,5,2005,0.648,0.08,0.728,0.728,0.728,0,1.456,1,2,1,3,1,7,1,2,0.41,0.36,0.18,0,10,1.89
1328,60,0.66,5,9,1982,0.641,0.175,0.816,0.816,0,0,0.816,0,1,0,3,1,5,1,1,0.264,0,0,0,10,1.305
1209,70,0.7763,5,7,1962,0.504,0.319,0.931,1.283,0,0,1.283,1,1,0,3,1,6,0,2,0.506,0,0,0,10,1.4
1177,37,0.6951,5,5,1984,0.658,0.218,0.876,0.923,0,0,0.923,1,1,0,3,1,5,0,1,0.264,3.62,0,0,10,1.195
576,80,0.848,5,5,1947,0.442,0.39,0.832,0.832,0.384,0,1.216,0,1,0,2,1,6,0,1,0.336,1.58,0,1.02,10,1.185
509,60,0.96,7,9,1928,0.141,0.548,0.689,0.689,0.689,0,1.378,0,2,0,3,1,7,1,2,0.36,0,0,1.16,10,1.61
873,74,0.8892,5,7,1953,0,0.105,0.105,0.91,0,0,0.91,0,1,0,3,1,5,0,2,0.414,1.96,0,1.5,10,1.16
1372,80,0.96,6,6,1955,0.831,0.161,0.992,1.661,0,0,1.661,1,1,0,3,1,8,1,1,0.377,0,0.28,0,10,1.655
551,53,0.4043,6,6,1977,0.559,0.51,1.069,1.069,0,0,1.069,0,2,0,2,1,4,0,2,0.44,0,0.55,0,10,1.4
1229,65,0.8769,9,5,2008,1.54,0.162,1.702,1.702,0,0,1.702,1,1,1,1,1,7,1,3,1.052,0,0.72,0,10,3.67294
1438,96,1.2444,8,5,2008,1.336,0.596,1.932,1.932,0,0,1.932,1,2,0,2,1,7,1,3,0.774,0,0.66,0,11,3.94617
1182,64,0.5587,8,5,2008,1.48,0.12,1.6,1.652,0,0,1.652,1,2,0,2,1,5,1,2,0.482,1.62,0.53,0,11,3.925
1337,87,0.9246,5,5,1973,0,1.656,1.656,1.656,0,0,1.656,0,2,0,4,2,8,0,2,0.506,0,2.11,0,11,1.35
528,67,1.4948,9,5,2008,1.33,0.122,1.452,1.476,1.237,0,2.713,1,2,1,3,1,11,1,3,0.858,1.26,0.66,0,11,4.46261
1410,46,2.0544,7,6,1986,0,0.791,0.791,1.236,0.857,0,2.093,0,2,1,3,1,7,1,2,0.542,3.64,0.63,0,11,2.15
838,21,0.168,6,5,1973,0.33,0.153,0.483,0.483,0.504,0,0.987,1,1,1,2,1,5,0,1,0.264,0,0,0,11,1
580,81,1.215,5,5,1954,0,1.05,1.05,1.05,0.745,0,1.795,0,2,0,4,1,7,0,1,0.352,0,0,0,11,1.315
935,313,2.765,7,7,1960,0.425,0.16,0.585,2.069,0,0,2.069,1,2,0,4,1,9,1,2,0.505,0,0,0,11,2.42
571,74,1.3101,5,5,1965,0.231,1.497,1.728,1.728,0,0,1.728,0,2,0,6,2,10,0,2,0.576,0,0,0,11,1.426
421,78,0.706,7,5,1997,1.309,0.035,1.344,1.344,0,0,1.344,2,2,0,2,2,8,0,4,0.784,0,0,0,11,2.063
175,47,1.2416,6,5,1986,1.398,0,1.606,1.651,0,0,1.651,1,2,0,3,1,7,1,2,0.616,1.92,0,0,11,1.84
1006,65,0.8385,5,8,1977,0.595,0.39,0.985,0.985,0,0,0.985,0,2,0,3,1,6,0,1,0.328,2.1,0,0,11,1.499
718,80,1,5,6,1973,1.084,0.092,1.176,1.178,0,0,1.178,0,1,1,3,1,5,1,2,0.439,2.24,0,0,11,1.57
1172,76,0.912,6,6,1958,0.662,0.599,1.261,1.261,0,0,1.261,1,1,0,3,1,6,1,2,0.433,0,0,0,11,1.63
1228,72,0.8872,5,8,1965,0.595,0.317,0.912,0.912,0,0,0.912,1,1,0,2,1,5,0,2,0.576,0,2.4,0,12,1.47
415,59,1.1228,7,5,1993,0.05,0.499,1.08,1.08,1.017,0,2.097,0,2,1,3,1,9,1,3,0.678,1.96,1.87,0,12,2.28
974,95,1.1639,7,5,2007,0,1.428,1.428,1.428,0,0,1.428,0,2,0,3,1,6,0,2,0.48,0,1.2,0,12,1.82
368,101,0.915,6,5,1962,0.371,0.728,1.099,1.431,0,0,1.431,0,1,0,3,1,6,1,1,0.296,0.64,1.1,0,12,1.65
139,73,0.9066,8,5,1999,0.668,0.336,1.004,1.004,0.848,0,1.852,0,2,1,3,1,7,2,3,0.66,2.24,1.06,0,12,2.3
5,84,1.426,8,5,2000,0.655,0.49,1.145,1.145,1.053,0,2.198,1,2,1,4,1,9,1,3,0.836,1.92,0.84,0,12,2.5
338,70,0.9135,7,5,2002,0.81,0.726,1.536,1.536,0,0,1.536,1,2,0,3,1,7,0,2,0.532,1.92,0.74,0,12,2.14
260,70,1.2702,5,5,1956,0,0,0,0.882,0,0,0.882,0,1,0,2,1,4,0,1,0.308,0,0.45,0,12,0.97
253,65,0.8366,6,5,2004,0,0.798,0.798,0.798,0.842,0,1.64,0,2,1,3,1,6,0,2,0.52,1.38,0.45,0,12,1.73
1119,85,1.3825,5,6,1958,0,0.533,0.533,1.021,0.58,0,1.601,0,1,0,3,1,6,0,1,0.3,2.8,0.34,0,12,1.4
1297,80,0.87,5,6,1963,0.776,0.344,1.12,1.128,0,0,1.128,1,2,0,3,1,6,0,2,0.525,1.92,0.2,1.23,12,1.55
401,38,1.4963,8,5,1996,0.786,0.474,1.26,1.288,0,0,1.288,1,1,1,1,1,4,2,2,0.5,1.2,0.3,0,12,2.455
1317,61,1.0226,8,5,2008,0,1.622,1.622,1.63,0,0,1.63,1,2,0,3,1,8,1,3,0.86,1.72,0.42,0,1,2.95493
1101,60,0.84,2,5,1920,0.29,0,0.29,0.438,0,0,0.438,0,1,0,1,1,3,0,1,0.246,0,0,0,1,0.6
125,48,1.7043,6,5,1979,0,1.362,1.362,1.586,0,0,1.586,0,2,0,3,1,7,1,2,0.435,1.92,0,0,1,1.81
438,50,0.6,6,7,1926,0,0.884,0.884,0.904,0,0,0.904,0,1,0,2,1,4,0,1,0.18,0,0,1.05,1,1.19
730,52,0.624,4,5,1925,0.152,0.628,0.78,0.848,0,360,1.208,0,1,0,2,1,5,0,2,0.539,0,0.23,1.12,1,1.03
293,60,1.1409,5,4,1949,0.292,0.476,0.768,1.148,0.568,0,1.716,0,1,1,3,1,8,1,1,0.281,0,0,0,1,1.31
200,76,0.9591,8,5,2004,1.088,0.625,1.713,1.713,0,0,1.713,1,2,0,3,1,7,1,3,0.856,0,0.26,0,1,2.749
804,107,1.3891,9,5,2008,0,1.734,1.734,1.734,1.088,0,2.822,0,3,1,4,1,12,1,3,1.02,0.52,1.7,0,1,5.82933
890,128,1.216,6,4,1953,1.024,0.481,1.505,1.505,0,0,1.505,1,1,0,2,1,6,1,2,0.505,0,0,0,2,1.495
725,86,1.3286,9,5,2007,1.234,0.464,1.698,1.698,0,0,1.698,1,2,0,3,1,8,1,3,0.768,3.27,0.64,0,2,3.2
938,75,0.9675,7,5,2005,0.341,0.772,1.113,1.113,0.858,0,1.971,0,2,1,3,1,8,1,2,0.689,0,0.48,0,2,2.53
671,64,0.8633,6,5,2005,0.193,0.545,0.738,0.738,0.738,0,1.476,1,2,1,3,1,7,0,2,0.54,1,0.35,0,2,1.735
728,64,0.7314,7,5,2007,0.724,0.508,1.232,1.232,0,0,1.232,1,2,0,2,1,6,0,2,0.632,1.32,0,0,2,1.945
1292,21,0.168,5,7,1972,0.231,0.399,0.63,0.63,0.672,0,1.302,0,2,1,3,1,6,0,1,0.264,1.85,0,0,2,1.195
822,60,0.6,4,4,1953,0,0.936,0.936,0.936,0,0,0.936,0,1,0,2,1,4,0,2,0.576,0,0.32,1.12,2,0.93
834,100,1.0004,6,6,1964,0.196,0.975,1.516,1.516,0,0,1.516,0,1,1,3,1,6,0,2,0.472,0,0,0,2,1.67
1110,107,1.1362,8,5,2004,1.039,0.797,1.836,1.836,0,0,1.836,1,2,0,3,1,7,1,3,0.862,1.25,1.85,0,3,2.8
258,68,0.8814,7,5,2006,1.334,0.27,1.604,1.604,0,0,1.604,1,2,1,3,1,8,1,2,0.66,1.23,1.1,0,3,2.2
1281,67,0.9808,7,5,2002,0.788,0.785,1.573,1.573,0,0,1.573,1,2,0,3,1,6,0,2,0.544,0,0.72,0,3,2.27
541,85,1.4601,9,5,2006,1.26,0.578,1.838,1.838,0,0,1.838,1,2,0,2,1,8,1,3,0.765,2.7,0.68,0,3,3.15
87,122,1.1911,6,5,2005,0,0.684,0.684,0.684,0.876,0,1.56,0,2,1,3,1,6,1,2,0.4,1,0.38,0,3,1.74
858,65,0.8125,6,5,1994,0,0.702,0.702,0.702,0.779,0,1.481,0,2,1,3,1,6,1,2,0.343,0,0.36,0,3,1.74
1202,80,1.04,7,5,1998,0,0.866,0.866,0.866,0.913,0,1.779,0,2,1,3,1,6,0,2,0.546,1.98,0.36,0,3,1.979
756,34,0.323,6,5,1999,0.381,0.348,0.729,0.742,0.729,0,1.471,0,2,1,3,1,6,0,2,0.44,0,0.24,0,3,1.725
1344,57,0.7558,6,6,1928,0,0.896,0.896,1.172,0.741,0,1.913,0,1,1,3,1,9,1,2,0.342,0,0,0,3,1.77
660,75,0.9937,5,7,1964,0.637,0.849,1.486,1.486,0,0,1.486,1,1,0,3,1,7,0,2,0.48,0,0,0,3,1.67
1407,70,0.8445,5,7,1972,0.656,0.112,0.768,0.768,0,0,0.768,1,1,0,2,1,5,0,2,0.396,0.58,0,0,3,1.33
734,80,1,5,6,1961,0.594,0.27,0.864,1.144,0,0,1.144,1,1,0,3,1,6,1,1,0.264,1.65,0,0,3,1.314
224,70,1.05,4,6,1971,0.524,0.16,0.864,0.864,0,0,0.864,0,1,0,2,1,4,0,2,0.576,2.16,0,0,3,0.97
430,130,1.1457,6,5,1988,1.005,0.387,1.392,1.412,0,0,1.412,1,2,0,3,1,6,1,2,0.576,0,0,1.69,3,1.75
1392,65,0.8944,5,5,1967,0,1.584,1.584,1.584,0,0,1.584,0,2,0,4,2,8,0,3,0.792,0,1.52,0,4,1.24
757,68,1.0769,8,5,2007,0.02,0.846,0.866,0.866,0.902,0,1.768,0,2,1,3,1,7,0,2,0.578,1.44,1.05,0,4,2.12
283,34,0.5063,7,5,2007,0.904,0.41,1.314,1.314,0,0,1.314,1,2,0,2,1,6,1,2,0.626,1.72,0.62,0,4,2.075
436,43,1.0667,7,6,1996,0.385,0.07,0.799,0.827,0.834,0,1.661,1,2,1,3,1,6,1,2,0.55,1.58,0.61,0,4,2.12
740,65,0.9313,7,5,2004,0,0.864,0.864,0.864,0.864,0,1.728,0,2,1,3,1,7,0,2,0.572,1.87,0.56,0,4,1.9
1443,85,1.1003,10,5,2008,0.765,0.252,1.017,1.026,0.981,0,2.007,1,2,1,3,1,10,1,3,0.812,1.68,0.52,0,4,3.1
828,65,0.8529,7,5,2001,0.02,1.434,1.454,1.434,0,0,1.434,0,2,0,3,1,6,1,2,0.527,2.9,0.39,0,4,1.89
205,50,0.35,5,7,1947,0.312,0.408,0.72,0.72,0.564,0,1.284,0,1,1,2,1,5,0,1,0.24,0,0.35,0,4,1.1
244,75,1.0762,6,6,1980,0,0.626,0.626,0.626,0.591,0,1.217,0,1,1,3,1,6,1,1,0.288,0,0.28,0,4,1.2
1336,80,0.965,6,5,1977,0.686,0.664,1.35,1.334,0,0,1.334,0,2,0,2,1,6,1,2,0.63,0,0.16,0,4,1.679
1040,21,0.1477,4,4,1970,0.509,0.121,0.63,0.63,0,0,0.63,1,1,0,1,1,3,0,1,0.286,0,0,0,4,0.8
1100,82,1.188,7,5,1978,0.704,0.567,1.271,1.601,0,0,1.601,0,2,0,3,1,7,1,2,0.478,0,0,0,4,1.57
676,24,0.2289,6,6,1978,0.311,0.544,0.855,0.855,0.586,0,1.441,0,2,1,3,1,7,1,2,0.44,0.28,0,0,4,1.485
695,51,0.612,5,6,1936,0,0.927,0.927,1.067,0.472,0,1.539,0,1,1,3,1,5,0,2,0.576,1.12,0,0,4,1.415
953,60,0.72,5,8,1972,0.66,0.108,0.768,0.768,0,0,0.768,0,1,0,2,1,5,0,1,0.396,1.92,0,0,4,1.339
633,85,1.19,7,5,1977,0.822,0.564,1.386,1.411,0,0,1.411,0,2,0,3,1,6,1,2,0.544,1.92,0,0,4,0.825
462,60,0.72,7,9,1936,0.35,0,0.56,0.575,0.56,0,1.135,1,1,0,3,1,6,0,2,0.576,2.56,0,0,4,1.55
274,80,0.96,6,6,1958,0.62,0,1.24,1.632,0,0,1.632,1,2,0,3,1,6,1,1,0.338,2.89,0,0,4,1.39
319,90,0.99,7,5,1993,0.987,0.36,1.347,1.372,1.274,0,2.646,1,2,1,4,1,9,1,3,0.656,3.4,0.6,1.44,4,2.6
750,50,0.8405,4,3,1945,0,0,0,1.088,0.441,0,1.529,0,2,0,4,1,9,0,1,0.24,0.92,0,1.85,4,0.98
441,105,1.5431,10,5,2008,1.767,0.788,3.094,2.402,0,0,2.402,1,2,0,2,1,10,2,3,0.672,0,0.72,0,4,5.55
1009,43,1.2118,7,5,2004,0,1.71,1.71,1.71,0,0,1.71,0,2,0,3,1,7,1,2,0.55,1,0.48,0,4,2.4
206,99,1.1851,7,5,1990,0,1.424,1.424,1.442,0,0,1.442,0,2,0,3,1,5,0,2,0.5,0,0.34,0,5,1.805
808,144,2.1384,5,6,1923,1.309,0.015,1.324,1.072,0.504,0,1.576,2,1,1,3,1,6,1,2,0.528,0,3.12,0,5,2.235
964,122,1.1923,9,5,2007,0,1.8,1.8,1.8,0,0,1.8,0,2,0,2,1,7,0,2,0.702,2.88,1.36,0,5,2.39
554,67,0.8777,4,5,1949,0,0,0,1.126,0,0,1.126,0,2,0,2,1,5,0,2,0.52,0,0.96,0,5,1.08
1308,60,0.8072,5,5,1994,0.746,0.244,0.99,0.99,0,0,0.99,1,1,0,3,1,5,0,2,0.48,0,0.64,0,5,1.38
1088,85,1.0574,8,5,2005,0,1.082,1.082,1.082,0.871,0,1.953,0,2,1,3,1,9,1,3,1.043,1.6,0.5,0,5,2.52
1067,59,0.7837,6,7,1993,0,0.799,0.799,0.799,0.772,0,1.571,0,2,1,3,1,7,1,2,0.38,0,0.4,0,5,1.78
1335,24,0.2368,5,6,1970,0.765,0,0.765,0.765,0.6,0,1.365,0,1,1,3,1,7,0,2,0.44,0,0.36,0,5,1.25
1452,78,0.9262,8,5,2008,0,1.573,1.573,1.578,0,0,1.578,0,2,0,3,1,7,1,3,0.84,0,0.36,0,5,2.8709
230,43,0.3182,7,5,2005,0.016,1.357,1.373,1.555,0,0,1.555,0,2,0,2,1,7,1,2,0.43,1.43,0.2,0,5,1.925
1416,51,0.3635,7,5,2007,0.988,0.398,1.386,1.569,0,0,1.569,0,2,0,1,1,7,1,3,0.66,1.43,0.2,0,5,1.759
312,50,0.8,6,6,1948,0.68,0.292,0.972,0.972,0,0,0.972,1,1,0,2,1,5,1,1,0.24,0,0,0,5,1.32
226,21,0.168,5,5,1971,0,0.63,0.63,0.63,0.672,0,1.302,0,2,1,3,1,6,0,1,0.28,0,0,0,5,1.12
490,21,0.1526,4,8,1970,0.515,0.115,0.63,0.63,0,0,0.63,1,1,0,1,1,3,0,1,0.286,0,0,0,5,0.86
1333,67,0.8877,4,6,1938,0.69,0.126,0.816,0.816,0,0,0.816,1,1,0,2,1,3,1,1,0.288,0,0,0,5,1
20,70,0.756,5,6,1958,0.504,0.525,1.029,1.339,0,0,1.339,0,1,0,3,1,6,0,1,0.294,0,0,0,5,1.39
1072,78,1.17,6,6,1968,0.298,0.429,0.727,0.829,0.727,0,1.556,0,1,1,4,1,8,0,2,0.441,0,0,0,5,1.54
902,64,0.8712,5,7,1957,0.86,0.132,0.992,1.306,0,0,1.306,1,1,0,2,1,5,0,1,0.756,0,0,0,5,1.53
1286,50,0.6,6,6,1939,0,0.78,0.78,0.825,0.587,0,1.412,0,1,0,4,1,6,1,1,0.28,0.45,0,0,5,1.325
957,24,0.13,6,6,1980,0.285,0.276,0.561,0.561,0.668,0,1.229,0,1,1,2,1,5,1,2,0.462,1.5,0,0,5,1.24
1005,43,0.3182,7,5,2005,0.016,1.33,1.346,1.504,0,0,1.504,0,2,0,1,1,7,1,2,0.457,1.56,0,0,5,1.81
364,21,0.168,6,8,1972,0.162,0.321,0.483,0.483,0.504,0,0.987,0,1,1,2,1,5,0,1,0.264,2.5,0,0,5,1.18
678,52,0.9022,5,8,1924,0,0.768,0.768,0.792,0,0,0.792,0,1,0,2,1,5,0,1,0.24,3.16,0,1.2,5,1.095
80,60,1.044,5,6,1910,0,0.44,0.44,0.682,0.548,0,1.23,0,1,1,2,1,5,0,2,0.44,0.74,0,1.28,5,1.1
1399,60,0.72,5,4,1950,0.18,0.676,1.208,1.136,0.768,0,1.904,1,1,1,3,1,7,0,1,0.24,0,0,1.68,5,1.38
1203,50,0.6,5,8,1925,0,0.884,0.884,0.884,0.464,0,1.348,1,1,0,3,1,5,1,1,0.216,0,0,2.08,5,1.17
261,120,1.9296,6,5,1962,0.672,0,1.362,1.382,0,0,1.382,1,1,0,3,1,6,1,2,0.884,0,0,2.52,5,1.76
748,65,1.17,7,7,1880,0,1.24,1.24,1.32,1.32,0,2.64,0,1,1,4,1,8,1,4,0.864,1.81,0,3.86,5,2.65979
592,97,1.3478,10,5,2008,1.338,0.384,1.722,1.728,0.568,0,2.296,1,2,1,3,1,10,1,3,0.842,3.82,2.74,0,6,4.5195
776,32,0.45,6,5,1998,0.866,0.338,1.204,1.204,0,0,1.204,1,2,0,2,1,5,0,2,0.412,0,2.47,0,6,1.62
915,30,0.3,6,5,2009,0.294,0.318,0.612,0.612,0.612,0,1.224,0,2,1,2,1,4,0,2,0.528,0,2.34,0,6,1.73733